<?xml version="1.0" encoding="utf-8"?><feed xmlns="http://www.w3.org/2005/Atom" ><generator uri="http://jekyllrb.com" version="3.4.2">Jekyll</generator><link href="https://pplaaf.org/feed.xml" rel="self" type="application/atom+xml" /><link href="https://pplaaf.org/" rel="alternate" type="text/html" /><updated>2017-07-11T20:08:24+02:00</updated><id>https://pplaaf.org/</id><title type="html">Plateforme de Protection des Lanceurs d’Alerte en Afrique</title><entry><title type="html">PPLAAF: Les efforts des parlementaires nigérians pour protéger les lanceurs d’alerte méritent d’être soutenus</title><link href="https://pplaaf.org/2017/06/15/nigerian-parlamentaires.html" rel="alternate" type="text/html" title="PPLAAF&amp;#58; Les efforts des parlementaires nigérians pour protéger les lanceurs d’alerte méritent d’être soutenus" /><published>2017-06-15T00:00:00+02:00</published><updated>2017-06-15T00:00:00+02:00</updated><id>https://pplaaf.org/2017/06/15/nigerian-parlamentaires</id><content type="html" xml:base="https://pplaaf.org/2017/06/15/nigerian-parlamentaires.html">&lt;p&gt;(Abuja, le 15 juin 2017) – Les discussions menées au sein de la Chambre des représentants avec des parlementaires, des organisations de la société civile et des journalistes constituent un effort sérieux et prometteur pour l’adoption d’une loi progressive de protection des lanceurs d’alerte, a déclaré &lt;a href=&quot;https://pplaaf.org&quot;&gt;PPLAAF&lt;/a&gt; (Plateforme de protection des lanceurs d’alerte en Afrique) aujourd’hui depuis Abuja.&lt;/p&gt;

&lt;p&gt;Trois représentants de PPLAAF étaient invités les 13 et 14 juin par &lt;a href=&quot;https://en.wikipedia.org/wiki/Kayode_Oladele&quot;&gt;Kayode Oladele&lt;/a&gt;, président de la Commission des crimes financiers de la Chambres des représentants du Nigéria, et par &lt;a href=&quot;https://twitter.com/larryk371&quot;&gt;Olanrewaju Suraju&lt;/a&gt;, président de l’organisation non gouvernementale HEDA Resources Center, pour présenter à l’audience les standards internationaux en matière de protection des lanceurs d’alerte.&lt;/p&gt;

&lt;p&gt;&lt;em&gt;« J’ai l’honneur d’exprimer ma profonde gratitude aux participants qui ont décidé de se joindre à nous aujourd’hui pour contribuer à la création d’un cadre juridique robuste pour façonner les efforts du Nigéria en matière de lutte contre la corruption »&lt;/em&gt;, a déclaré Kayode Oladele à l’ouverture du séminaire.&lt;/p&gt;

&lt;p&gt;PPLAAF accueille avec bienveillance les efforts des organisateurs de la conférence et des parlementaires pour avoir voulu recueillir les commentaires et l’expertise des organisations de la société civile afin de participer à la rédaction d’une loi progressive de protection des lanceurs d’alerte, avant qu’elle ne soit soumise aux discussions de la Chambre des représentants.&lt;/p&gt;

&lt;p&gt;&lt;em&gt;« J’ai rarement vu autant d’intérêt de la part de la part d’une telle diversité de personnes et d’organisations rassemblées pour construire une loi efficace de protection des lanceurs d’alerte »&lt;/em&gt;, a déclaré &lt;a href=&quot;https://pplaaf.org/who-we-are.html&quot;&gt;William Bourdon&lt;/a&gt;, président de PPLAAF. &lt;em&gt;« Les débats étaient d’un très haut niveau et les équipes de PPLAAF sont prêtes à participer à la mise en place d’une législation visant à aider ces vigies de la démocratie qui ont désespérément besoin d’aide »&lt;/em&gt;.&lt;/p&gt;

&lt;p&gt;PPLAAF a travaillé avec les organisations de la société civile dans la rédaction d’un projet de loi de protection des lanceurs d’alerte. Les buts de ce projet étaient de fusionner deux projets déjà existants, de proposer un texte facilement amendable afin de pouvoir respecter le contexte politique, social et culturel, et d’élaborer une structure pour protéger les lanceurs d’alerte qui n’entraine pas de dépenses excessives.&lt;/p&gt;

&lt;p&gt;Pour PPLAAF, une loi sérieuse de protection des lanceurs d’alerte doit intégrer les points fondamentaux suivants :&lt;/p&gt;
&lt;ul&gt;
  &lt;li&gt;Inclure les secteurs privé et public, ainsi que les organisations à but non lucratif,&lt;/li&gt;
  &lt;li&gt;Une large définition des crimes, délits et atteintes à l’intérêt général pouvant être révélés par le lanceur d’alerte,&lt;/li&gt;
  &lt;li&gt;Définition large pour tout type d’employé ou travailleur,&lt;/li&gt;
  &lt;li&gt;Protection juridique pour toutes formes de représailles,&lt;/li&gt;
  &lt;li&gt;Accès à un canal de signalement interne et externe,&lt;/li&gt;
  &lt;li&gt;Suivi des enquêtes déclenchées grâce aux révélations et aux poursuites pour représailles,&lt;/li&gt;
  &lt;li&gt;Différentes formes de réparations en cas de représailles,&lt;/li&gt;
  &lt;li&gt;Accès public aux résultats des enquêtes, aux données, etc.&lt;/li&gt;
  &lt;li&gt;Pénalités en cas de violations,&lt;/li&gt;
  &lt;li&gt;Traiter des révélations liées à la sécurité nationale, aux secrets militaires et aux informations classifiées.&lt;/li&gt;
&lt;/ul&gt;

&lt;p&gt;Tous ces points étaient inclus dans le projet de loi rédigé par PPLAAF. PPLAAF continuera à travailler avec ses partenaires nigérians pour s’assurer qu’à chaque étape de la procédure législative, ces provisions soient maintenues.&lt;/p&gt;

&lt;p&gt;&lt;a href=&quot;https://pplaaf.org/faq.html&quot;&gt;PPLAAF&lt;/a&gt; est une organisation non gouvernementale sénégalaise créée en mars 2017 proposant un spectre entier de solutions pour pourvoir aux différents besoins des lanceurs d’alerte : encryptage d’un bout à l’autre de la communication, soutien juridique gratuit en conseils ou en représentation légale contre des employeurs ou autre, assistance continue pour protéger le lanceur d’alerte dans la divulgation de l’information au public, développement de législations protégeant les lanceurs d’alerte. 
&lt;br /&gt;
&lt;img class=&quot;img-responsive img-post center-block&quot; src=&quot;/img/posts/nigeria-seminar-1.jpg&quot; /&gt;&lt;/p&gt;

&lt;p&gt;&lt;br /&gt;&lt;/p&gt;</content><author><name></name></author><category term="featured" /><summary type="html">PPLAAF a participé à un séminaire de deux jours sur la protection juridique des lanceurs d’alerte</summary><media:thumbnail xmlns:media="http://search.yahoo.com/mrss/" url="https://pplaaf.org/nigeria-seminar.jpg" /></entry><entry><title type="html">PPLAAF: Genuine efforts of Nigerian parliamentarians to protect whistleblowers welcomed</title><link href="https://pplaaf.org/2017/06/15/nigerian-parliament.html" rel="alternate" type="text/html" title="PPLAAF&amp;#58; Genuine efforts of Nigerian parliamentarians to protect whistleblowers welcomed" /><published>2017-06-15T00:00:00+02:00</published><updated>2017-06-15T00:00:00+02:00</updated><id>https://pplaaf.org/2017/06/15/nigerian-parliament</id><content type="html" xml:base="https://pplaaf.org/2017/06/15/nigerian-parliament.html">&lt;p&gt;(Abuja, June 15th, 2017) – Discussions conducted in the Nigerian House of Representatives between parliamentarians, stakeholders, civil society organizations and journalists are a genuine move toward adopting a progressive bill to protect whistleblowers, said &lt;a href=&quot;https://pplaaf.org&quot;&gt;PPLAAF&lt;/a&gt; (Platform to Protection Whistleblowers in Africa) today in Abuja.&lt;/p&gt;

&lt;p&gt;Three representatives of PPLAAF were invited on June 13th and 14th by Honorable &lt;a href=&quot;https://en.wikipedia.org/wiki/Kayode_Oladele&quot;&gt;Kayode Oladele&lt;/a&gt;, Chairman of the House of Representatives Committee on Financial Crimes, and &lt;a href=&quot;https://twitter.com/larryk371&quot;&gt;Olanrewaju Suraju&lt;/a&gt;, President of the HEDA Resources Center, to introduce to the audience the international guidelines to protect whistleblowers.&lt;/p&gt;

&lt;p&gt;&lt;em&gt;“I have the honor to express my profound gratitude to the participants who have deemed it fit to register their presence here today to contribute to the fashioning out of robust legal frameworks to shape Nigeria’s anti-corruption efforts”&lt;/em&gt;, declared Honorable Kayode Oladele at the opening of the seminar.&lt;/p&gt;

&lt;p&gt;PPLAAF welcomes the efforts of the organizer of the conference and of the parliamentarians to have sought comments and expertise of the civil society organizations in order to draft a progressive bill before it being discussed by the House of Representatives.&lt;/p&gt;

&lt;p&gt;&lt;em&gt;“Rarely have I seen so much interest from so many diverse people into building an efficient bill to protect whistleblowers”&lt;/em&gt;, said &lt;a href=&quot;https://pplaaf.org/who-we-are.html&quot;&gt;William Bourdon&lt;/a&gt;, Chairman of PPLAAF. &lt;em&gt;“The debates were of a very high level and PPLAAF teams are ready to support and help legislation aiming at helping these watchdogs of democracy who are desperately in need for help”&lt;/em&gt;.&lt;/p&gt;

&lt;p&gt;PPLAAF has been working with Nigerian civil society organizations in drafting a whistleblower protection bill project. This project’s goals were to consolidate and merge two existing bills, to propose a largely amenable bill to respect local context, politics and environment and to elaborate a structure to protect whistleblowers which will not be capital intensive.&lt;/p&gt;

&lt;p&gt;For PPLAAF, a genuine bill to protect whistleblowers must integrate the following fundamentals:&lt;/p&gt;

&lt;ul&gt;
  &lt;li&gt;Consider public and private sectors as well as the non-profit sector,&lt;/li&gt;
  &lt;li&gt;Wide range of offenses that can be disclosed,&lt;/li&gt;
  &lt;li&gt;Coverage for all types of “employees” and “workers”,&lt;/li&gt;
  &lt;li&gt;Legal protection from all forms of retaliation,&lt;/li&gt;
  &lt;li&gt;Access to secure internal and external disclosure channels,&lt;/li&gt;
  &lt;li&gt;Follow-up investigation of disclosures and retaliation,&lt;/li&gt;
  &lt;li&gt;Wide range of remedies for retaliation,&lt;/li&gt;
  &lt;li&gt;Public access to case outcomes, process and data,&lt;/li&gt;
  &lt;li&gt;Penalties for violations,&lt;/li&gt;
  &lt;li&gt;Address disclosures related to national security, official or military secrets and classified information.&lt;/li&gt;
&lt;/ul&gt;

&lt;p&gt;All these requirements were included in the bill drafted by PPLAAF. PPLAAF will keep on working with its Nigerian partners to insure, at every step of the legislative process, that they remain as such.&lt;/p&gt;

&lt;p&gt;&lt;a href=&quot;https://pplaaf.org/faq.html&quot;&gt;PPLAAF&lt;/a&gt; is a Senegalese NGO which was created in March 2017 to provide the full spectrum of needs catered specifically to whistleblowers: end-to-end encryption communication, free legal advice and legal representation, designed assistance with the press and research and advocacy to help authorities to adopt strong laws to protect whistleblowers.&lt;/p&gt;

&lt;p&gt;&lt;br /&gt;
&lt;img class=&quot;img-responsive img-post center-block&quot; src=&quot;/img/posts/nigeria-seminar-1.jpg&quot; /&gt;&lt;/p&gt;

&lt;p&gt;&lt;br /&gt;&lt;/p&gt;</content><author><name></name></author><category term="featured" /><summary type="html">PPLAAF participated to a two-days stakeholders’ seminar on whistleblowing and legal protection.</summary><media:thumbnail xmlns:media="http://search.yahoo.com/mrss/" url="https://pplaaf.org/nigeria-seminar.jpg" /></entry><entry><title type="html">WikiLeaks, Snowden lawyers back Trillian whistle-blower</title><link href="https://pplaaf.org/2017/05/19/trillian-snowden-lawyers.html" rel="alternate" type="text/html" title="WikiLeaks, Snowden lawyers back Trillian whistle-blower" /><published>2017-05-19T00:00:00+02:00</published><updated>2017-05-19T00:00:00+02:00</updated><id>https://pplaaf.org/2017/05/19/trillian-snowden-lawyers</id><content type="html" xml:base="https://pplaaf.org/2017/05/19/trillian-snowden-lawyers.html">&lt;p&gt;&lt;img class=&quot;img-responsive img-post center-block&quot; src=&quot;/img/posts/bourdon-mg.jpg&quot; /&gt;&lt;/p&gt;

&lt;p&gt;&lt;br /&gt;
Cornered by the financial might of her former bosses of a Gupta-linked company, the woman who spilled the beans on Nenegate has landed the backing of an international whistle-blower champion.&lt;/p&gt;

&lt;p&gt;William Bourdon, the French lawyer who has represented Edward Snowden – who leaked classified information about United States spying – and WikiLeaks founder Julian Assange confirmed that his organisation would provide legal and forensic assistance to the whistle-blower who exposed the hidden Gupta hand in the firing of former finance minister Nhlanhla Nene.&lt;/p&gt;

&lt;p&gt;Bourbon, the chairperson of the Plateforme de Protection des Lanceurs d’Alerte en Afrique (PPLAAF), an organisation working to shield African whistle-blowers from persecution emanating from their disclosures, said they stepped in because it looked as if she needed help.&lt;/p&gt;

&lt;p&gt;Until now, the former chief executive of Trillian Financial Advisory – part of a Gupta-linked cluster of companies – has had to face her former bosses solo. When she went to the Commission for Conciliation Mediation and Arbitration (CCMA) to sue for constructive dismissal, the company responded with a financially crippling legal onslaught.&lt;/p&gt;

&lt;p&gt;It launched additional Labour Court proceedings to demand that she must pay back a R500 000 sign-on bonus and opened a criminal case against her for a string of alleged crimes, including extortion, cybercrimes and theft of company information totalling an estimated R120-million.&lt;/p&gt;

&lt;p&gt;The National Prosecuting Authority (NPA) this week confirmed that the docket has been received for a decision on whether to prosecute her.&lt;/p&gt;

&lt;blockquote&gt;
  &lt;p&gt;&lt;span class=&quot;post-blockquote&quot;&gt;&lt;/span&gt;&lt;/p&gt;
  &lt;h2 id=&quot;trillian-capital-at-a-glance&quot;&gt;Trillian Capital at a glance&lt;/h2&gt;
  &lt;ul&gt;
    &lt;li&gt;Gupta-family associate Salim Essa owns a 60% stake in Trillian, whose executives allegedly had prior knowledge that the president was going to fire Nhlanhla Nene as finance minister in 2015.&lt;/li&gt;
    &lt;li&gt;A banker set to join the company at inception in 2015 was one of two individuals hurriedly appointed as advisers to Nene’s replacement, Des van Rooyen.&lt;/li&gt;
    &lt;li&gt;Three companies in the Trillian stable were named in the State of Capture report as having coughed up R235-million towards the Gupta family’s purchase of the Optimum Coal mine.&lt;/li&gt;
    &lt;li&gt;A legal challenge between Trillian’s chief executive Eric Wood and his former partners at Regiments Capital has revealed how Trillian allegedly illegally scored millions of rands in payments from Transnet.
&amp;lt;/span&amp;gt;&lt;/li&gt;
  &lt;/ul&gt;
&lt;/blockquote&gt;

&lt;p&gt;The whistle-blower, a debt capital market expert who holds a master’s degree in finance, may not be named since a CCMA ruling in January.&lt;/p&gt;

&lt;p&gt;Asked why the PPLAAF is picking up her case, Bourdon, in an emailed response, said it appeared that she had been “cornered by the rich and powerful” as a result of her disclosures.&lt;/p&gt;

&lt;p&gt;“We need to show other whistle-blowers that, if your former boss tries to bleed you dry for doing the right thing, there are people out there who can help you.”&lt;/p&gt;

&lt;p&gt;Bourdon said this case was also important because South Africa was an influential country and, if her state capture allegations were true, it showed that decision-making at the highest level of state was being determined, in part, by private interests.&lt;/p&gt;

&lt;p&gt;“That a minister of finance could be chosen by a few business people and then be shadowed by a particular business consultancy or two … this is not a small thing.”&lt;/p&gt;

&lt;p&gt;Her former employers dispute that she is a whistle-blower and have labelled her actions as those of a vindictive former employee seeking revenge.&lt;/p&gt;

&lt;p&gt;Said Bourdon: “If you stumbled upon secrets that showed people in top positions breaking the law, subverting democracy, plundering the public purse, then, for me, you are a whistle-blower and we will work within the laws of your country to protect you.&lt;/p&gt;

&lt;p&gt;“Snowden spoke up because he did not expect his government to spy on everyone. And this whistle-blower has spoken up because she fears her finance minister can be controlled by business people,” Bourdon said.&lt;/p&gt;

&lt;p&gt;In making the decision to support her, Bourdon said a team examined the merits of her legal case and “assessed” the size of the deck stacked against her.&lt;/p&gt;

&lt;p&gt;“And we asked: ‘What will happen if this whistle-blower is hung out to dry? What message will this send to others?’ ”&lt;/p&gt;

&lt;p&gt;Trillian, asked if there was any prospect of settling the case involving the whistle-blower and whether this could result in the various cases against her falling away, sent a short statement, declining to comment due to the matters being sub judice and referred the M&amp;amp;G to previous statements on the issues.&lt;/p&gt;

&lt;p&gt;The PPLAAF’s intervention may finally get the whistle-blower’s CCMA case back on track, which is a potential game-changer. Trillian’s repeated denials of state capture links would then be subject to forensic examination in court.&lt;/p&gt;

&lt;p&gt;And it represents a major boost for the broader investigation into state capture, which has ground to a halt pending the outcome of President Jacob Zuma’s review application of the public protector’s remedial action. Former public protector Thuli Madonsela had directed a second phase to the state capture investigation – a judicial commission of inquiry. The public protector’s spokesperson, Oupa Segalwe, said this was dependent on the outcome of Zuma’s application.&lt;/p&gt;

&lt;p&gt;Much of the whistle-blower’s case rests on information she gave the public protector, which Trillian has sought to keep out of the public eye through litigation against her.&lt;/p&gt;

&lt;p&gt;The CCMA recently ruled that she may use a bundle of company documents in her case but not before she complies with a subpoena to produce her statement to the public protector, a matter still to be heard at the Labour Court in Johannesburg.&lt;/p&gt;

&lt;p&gt;In her 2016 statement, the woman revealed how Trillian executives allegedly had prior knowledge that Zuma was going to fire Nene, that a colleague of hers, Mohammed Bobat, would be installed as Des van Rooyen’s adviser in the treasury and that he would allegedly have channelled work to the company.&lt;/p&gt;

&lt;p&gt;Bobat did land the job and followed Van Rooyen to the department of co-operative governance after Van Rooyen’s four-day stint as finance minister.&lt;/p&gt;

&lt;p&gt;Trillian has repeatedly denied the allegations and has since argued in legal proceedings that its former executive cannot seek refuge under the Protected Disclosures Act because she made the disclosure after she resigned last June.&lt;/p&gt;

&lt;p&gt;The company also previously told the Mail &amp;amp; Guardian that its legal strategy was merely a response to her CCMA case, denying that the legal initiatives it had taken to defend itself were tantamount to excessive force.&lt;/p&gt;

&lt;p&gt;Her former boss, Eric Wood, in an affidavit detailing her alleged criminal conduct, accused her of conspiring with his former partners at Regiments Capital, Niven Pillay and Litha Nyhonyha, in a bid to exact revenge on Trillian.&lt;/p&gt;

&lt;p&gt;The three fell out after Pillay and Nyhonyha rejected a Gupta family offer to buy a stake in their company, which Wood allegedly favoured.&lt;/p&gt;

&lt;p&gt;Her supporters hope that PPLAAF’s involvement in this case will boost the whistle-blower’s prospects in court.&lt;/p&gt;

&lt;p&gt;Henri Thulliez, a PPLAAF board member, said the organisation understood the complexity of the case and its potential duration and costs.&lt;/p&gt;

&lt;p&gt;The PPLAAF had lined up “serious money for this particular case” and would be drawing on a range of legal and other experts who may not charge their usual fees, Thulliez said.&lt;/p&gt;

&lt;p&gt;He added that the organisation’s involvement should also serve “as a warning to billionaires” who resort to legal tactics to throttle whistle-blowers that such moves can backfire and draw much more attention to the very information they may seek to suppress.&lt;/p&gt;

&lt;p&gt;&lt;img class=&quot;img-responsive img-post center-block&quot; src=&quot;/img/posts/snowden.jpg&quot; /&gt;
&lt;br /&gt;&lt;/p&gt;

&lt;h2 id=&quot;disclosers-are-left-ducking-for-cover&quot;&gt;Disclosers are left ducking for cover&lt;/h2&gt;
&lt;h3 id=&quot;news-analysis&quot;&gt;NEWS ANALYSIS&lt;/h3&gt;

&lt;p&gt;The case of the Nenegate whistle-blower is the proverbial David versus Goliath battle in which one person has risked much to bring information behind the firing of the former finance minister into the light.&lt;/p&gt;

&lt;p&gt;Aside from the criminal investigation, the lone woman is up against a powerful company with deep pockets, as her legal bills, already exceeding R1-million, continue to pile up.&lt;/p&gt;

&lt;p&gt;More importantly, her case could scare off other potential whistle-blowers witnessing the legal challenges she has faced since she gave information to the public protector.&lt;/p&gt;

&lt;p&gt;Her case could also set a precedent.&lt;/p&gt;

&lt;p&gt;It has exposed significant gaps in the legal protection afforded by whistle-blower laws, according to some experts.&lt;/p&gt;

&lt;p&gt;The first port of protection for a whistle-blower is usually the Protected Disclosures Act, which allows an employee to make a disclosure to a competent authority without occupational detriment. But it does not insulate them from criminal or civil liability after the disclosure.&lt;/p&gt;

&lt;p&gt;Furthermore, as Trillian has shown in its defence, it is unclear whether a former employee is covered by the Act. She had left the company by the time she made the disclosure and does not need protection from occupational detriment – but she still needs protection.&lt;/p&gt;

&lt;p&gt;Another key issue in her case is whether she must comply with a CCMA subpoena to produce the document she gave to the public protector.&lt;/p&gt;

&lt;p&gt;Her lawyers have so far unsuccessfully argued that Trillian should obtain this from the public protector and not through the “back door” from her.&lt;/p&gt;

&lt;p&gt;The Public Protector Act protects the public protector from having to disclose information but it does not afford this protection to the whistle-blower.&lt;/p&gt;

&lt;p&gt;There is also some cover for whistle-blowers in the Prevention and Combating of Corrupt Activities Act. This places a duty on – and protects – certain people, including public officials, executives of companies and nonexecutive directors, to report information or suspicion of corruption, theft and fraud, among other things.&lt;/p&gt;

&lt;p&gt;But the Act requires the report be made to law enforcement agencies. In her case, the disclosure was made to the public protector.&lt;/p&gt;

&lt;p&gt;If her case is advanced sufficiently, there could be scope for the legislature to consider whether the public protector should not rightfully be included among the list of competent authorities listed by the Act.&lt;/p&gt;

&lt;p&gt;Trillian has also used the confidentiality undertakings made by her in her employment contract to thwart her disclosures.&lt;/p&gt;

&lt;p&gt;It has asked the Labour Court to enforce a contractual term that would force the whistle-blower to destroy any information she still has.&lt;/p&gt;

&lt;p&gt;But section 159 of the Companies Act could also offer protection. It makes provision for protection from prosecution or civil liability for whistle-blowers. It also renders any section of an employment contract that seeks to deprive an executive of the ability to report criminal conduct or serious fiduciary lapses unenforceable.&lt;/p&gt;

&lt;p&gt;The only gap in this Act is that reports to the public protector are not covered explicitly.&lt;/p&gt;</content><author><name></name></author><category term="featured" /><summary type="html">Cornered by the financial might of her former bosses of a Gupta-linked company, the woman who spilled the beans on Nenegate has landed the backing of an international whistle-blower champion.</summary><media:thumbnail xmlns:media="http://search.yahoo.com/mrss/" url="https://pplaaf.org/bourdon-mg.jpg" /></entry><entry><title type="html">William Bourdon - PLAAF aims to support whistle-blowers</title><link href="https://pplaaf.org/2017/03/20/pplaaf-aims-support.html" rel="alternate" type="text/html" title="William Bourdon - PLAAF aims to support whistle-blowers" /><published>2017-03-20T00:00:00+02:00</published><updated>2017-03-20T00:00:00+02:00</updated><id>https://pplaaf.org/2017/03/20/pplaaf-aims-support</id><content type="html" xml:base="https://pplaaf.org/2017/03/20/pplaaf-aims-support.html">&lt;p&gt;&lt;img class=&quot;img-responsive img-post center-block&quot; src=&quot;/img/posts/bourdon.jpg&quot; /&gt;
&lt;br /&gt;
As demand for the truth soars across the world, with confidence in media and governments plummeting, whistle-blowers are having quite a moment from the Global North to South.&lt;/p&gt;

&lt;p&gt;The risk of whistle-blowing in much of Africa is incredibly high. Of 54 African countries, just seven have passed whistle-blower laws.&lt;/p&gt;

&lt;p&gt;William Bourdon, one of the world’s leading advocates of whistle-blowers, has represented WikiLeaks founder Julian Assange, Edward Snowden, Antoine Deltour – the man behind the Luxembourg Leaks, and Herve Falciani, who exposed wrongdoing at HSBC’s Swiss private bank.&lt;/p&gt;

&lt;p&gt;Here, the French lawyer explains why he has founded Plateforme de Protection des Lanceurs d’Alerte en Afrique (PLAAF), a platform to protect whistle-blowers in Africa comprising legal experts, investigative journalists, NGOs and academics.&lt;/p&gt;

&lt;p&gt;&lt;strong&gt;Al Jazeera&lt;/strong&gt;: Why did you decide to launch PPLAAF?&lt;/p&gt;

&lt;p&gt;&lt;strong&gt;Bourdon&lt;/strong&gt;: Creating PPLAAF was an absolute necessity. The great question of the 21st century appeared to be this great civic anger targeted against those who mix public money with private interests, and against this, impunity enjoyed by big multinationals.&lt;/p&gt;

&lt;p&gt;In Africa, many NGOs and authorities have become more and more professional in their fight against corruption. However, I think one particular tool was missing while large flows of dirty and opaque money are prospering, and the separation between public and private interest is vague at best.&lt;/p&gt;

&lt;p&gt;Regimes are sometimes held in an iron grip by kleptocrats who siphon public money and resources to satisfy their megalomania, and all too often government anti-corruption commitments are merely a front for eradicating political opponents. But many brave people want this to stop.&lt;/p&gt;

&lt;p&gt;And we want to help them to disclose what they witness by offering them a legal protection. That’s why we created PPLAAF.&lt;/p&gt;

&lt;p&gt;&lt;strong&gt;Al Jazeera&lt;/strong&gt;: What do you hope to achieve?&lt;/p&gt;

&lt;p&gt;&lt;strong&gt;Bourdon&lt;/strong&gt;: PPLAAF’s priority is to offer legal protection to whistle-blowers. Too many of them in Africa have faced lethal danger, persecution, threats, only because their identity has been known. PPLAAF wants to protect them, technically and legally.&lt;/p&gt;

&lt;p&gt;PPLAAF can work to iron out the many dangers a whistle-blower can face if she or he wants to disclose sensitive information relevant to the public interest. It can also work as a protective shield between them and the press.&lt;/p&gt;

&lt;p&gt;The whistle-blower at the origin of the Panama Papers, the biggest leak in history, is still anonymous. That’s a success story for the protection of whistle-blower.&lt;/p&gt;

&lt;p&gt;But, of course, PPLAAF wants to achieve a greater objective and be an ally to all the good conscious who are fighting for a greater world. Giving the possibility to a whistle-blower to disclose for the public interest is a strong democratic act and is a step closer to the end of impunity for massive financial crimes.&lt;/p&gt;

&lt;p&gt;&lt;strong&gt;Al Jazeera&lt;/strong&gt;: Do you think, given the changing political climate across the world, there is a rising need for whistle-blowers?&lt;/p&gt;

&lt;p&gt;&lt;strong&gt;Bourdon&lt;/strong&gt;: There is a rising need for whistle-blowers. Worldwide, citizens are becoming aware of the dark and oppressive political, economic and financial powers being exercised over their daily lives.&lt;/p&gt;

&lt;p&gt;Thanks to the revelations of whistle-blowers, along with new communication technologies and increased globalisation, we can better discern the surveillance by intelligence services and the financial losses generated by banking policies that favour tax evasion and money laundering over the needs of individual savers.&lt;/p&gt;

&lt;p&gt;The more professional secrecy is used in a way to organise the impunity of shameful behaviours which are contrary to international standards, the more whistle-blowers need to break this secrecy in order to reveal reprehensible activities.&lt;/p&gt;

&lt;blockquote&gt;
  &lt;p&gt;&lt;span class=&quot;post-blockquote&quot;&gt;“Whistle-blowers are watchdogs of democracy”&lt;/span&gt;&lt;/p&gt;
&lt;/blockquote&gt;

&lt;p&gt;In this civic anger which is rising in the world, from Bucharest to Seoul, whistle-blowers are the top of the pyramid. We need them in order to understand how we can improve the way we live together, the way we are led. That’s why PPLAAF will be duplicated in other parts of the world.&lt;/p&gt;

&lt;p&gt;&lt;strong&gt;Al Jazeera&lt;/strong&gt;: How does whistle-blowing differ between Europe and North America, and Africa?&lt;/p&gt;

&lt;p&gt;&lt;strong&gt;Bourdon&lt;/strong&gt;: Even if they take great risks and face very damaging retaliation, whistle-blowers in Europe or in North America are better-protected thanks to strong democratic institutions and a real rule of law, although this latter always needs to be built stone-by-stone.&lt;/p&gt;

&lt;p&gt;Several countries in the Western world have strong laws protecting whistle-blowers, such as France, the UK or the US. Progressive human rights courts like the European Court of Human Rights can also play a great role in the protection of whistle-blowers.&lt;/p&gt;

&lt;p&gt;As an example, during the trial of Antoine Deltour before a court in Luxembourg, we sought his protection under Article 10 of the European Convention on Human Rights which protects freedom of expression.&lt;/p&gt;

&lt;p&gt;But where democratic institutions are weak or inexistent, whistle-blowers are at much greater risk.&lt;/p&gt;

&lt;p&gt;Only seven of 54 African countries have passed whistle-blower laws. In countries like these, blowing the whistle can lead to lethal danger.&lt;/p&gt;

&lt;blockquote&gt;
  &lt;p&gt;&lt;span class=&quot;post-blockquote&quot;&gt;“Whistle-blowers need to properly check the veracity and the credibility of the information they want to disclose.”&lt;/span&gt;&lt;/p&gt;
&lt;/blockquote&gt;

&lt;p&gt;Moss Phakoe, a former local representative in South Africa, was killed in 2009 after disclosing information about corruption activities in Rustenburg.&lt;/p&gt;

&lt;p&gt;Jean-Jacques Lumumba, a former employee in a Congolese bank had to leave the country in 2016 when his superior threatened to kill him after he showed him evidence that the bank was conducting serious illegal activities.&lt;/p&gt;

&lt;p&gt;These are examples which show the risks taken by these very brave soldiers of democracy.&lt;/p&gt;

&lt;p&gt;&lt;strong&gt;Al Jazeera&lt;/strong&gt;: In the West, many are quick to cast Assange as pro-Russia and pro-Trump. Should whistle-blowers in the West and in Africa, whose leaks are subject to manipulation, now impose their own limits in terms of the information they are prepared to leak?&lt;/p&gt;

&lt;p&gt;&lt;strong&gt;Bourdon&lt;/strong&gt;: This is a very relevant question. Nowadays, information is of paramount importance, especially since it can be so quickly spread. It can change an election, it can destroy someone’s life, it can interfere with the future of a nation.&lt;/p&gt;

&lt;p&gt;Whistle-blowers have therefore a great responsibility when disclosing information, especially now that they can do it without going through the press, thanks to the new technologies. Whistle-blowers need to properly check the veracity and the credibility of the information they want to disclose.&lt;/p&gt;

&lt;p&gt;PPLAAF can help them assessing the information they have at hand and see if it’s something worth disclosing. To that end, PPLAFF will conduct an in-depth investigation to check the credibility. PPLAAF will never put itself in a situation where it only fuels the spread of a rumour.&lt;/p&gt;

&lt;p&gt;That said, it is not for PPLAAF nor the whistle-blower to wonder whether the information to disclose will interfere with an election or the conclusion of an international contract.&lt;/p&gt;

&lt;p&gt;&lt;strong&gt;Al Jazeera&lt;/strong&gt;: Is there a history of whistle-blowers in Africa?&lt;/p&gt;

&lt;p&gt;&lt;strong&gt;Bourdon&lt;/strong&gt;: It depends on the scope of the definition of whistle-blowing.&lt;/p&gt;

&lt;p&gt;If civic disobedience is included within the definition, then Africa can only be proud of the noble examples it has, of these women and men who fought for their freedom during the colonisation or oppressive regimes like the Apartheid. Gandhi or Mandela have inspired the world.&lt;/p&gt;

&lt;p&gt;The religious leader Cheikh Amadou Bamba who, at the end of the 19th century, decided to pray before a French court to show his opposition to colonial powers has triggered a non-violence conscious still in force today in Senegal.&lt;/p&gt;

&lt;blockquote&gt;
  &lt;p&gt;&lt;span class=&quot;post-blockquote&quot;&gt;“Except in certain rare circumstances, there is almost no protection for whistle-blowers in African countries. PPLAAF is here to fill in the gaps left by weak states or institutions.”&lt;/span&gt;&lt;/p&gt;
&lt;/blockquote&gt;

&lt;p&gt;We can also mention Algerian freedom fighters or Haile Selassie when he gave this prominent speech in 1936 before the League of Nations criticising the occupation of his country by the troops of Mussolini.&lt;/p&gt;

&lt;p&gt;If you keep a strict definition, the first whistle-blower is probably the British journalist Edmund Dene Morel who, at the beginning of the 20th century, led a campaign in the UK to denounce the exactions committed in Congo by Belgian colonisers on behalf of King Leopold II.&lt;/p&gt;

&lt;p&gt;Never before had it been proved that the King was using Congo as a resource for forced labour. Colonisation was still perceived in Europe as a civic act of kindness.&lt;/p&gt;

&lt;p&gt;&lt;strong&gt;Al Jazeera&lt;/strong&gt;: What protections exist in Africa for whistle-blowers, and how can your organisation help?&lt;/p&gt;

&lt;p&gt;&lt;strong&gt;Bourdon&lt;/strong&gt;: Except in certain rare circumstances, there is almost no protection for whistle-blowers in African countries. PPLAAF is here to fill in the gaps left by weak states or institutions.&lt;/p&gt;

&lt;p&gt;Therefore, PPLAAF can offer four kind of services: technical assistance through encrypted channels (web portal to send sensitive documents and a hotline in French and English); legal assistance through a network of lawyers and activists; and mediatic assistance - PPLAAF acts as a shield between the whistle-blowers and the press.&lt;/p&gt;

&lt;p&gt;Finally, PPLAAF can also work as a think-tank, advising governments and authorities on how adopting laws which will help to protect in a progressive and efficient way whistle-blowers.&lt;/p&gt;

&lt;p&gt;Al Jazeera: How did you decide upon your advisory board? What do they bring?&lt;/p&gt;

&lt;p&gt;Bourdon: PPLAAF’s advisory board is a fantastic sample of great heroes and activists who put themselves, at great risks, at the forefront of the fight against injustice. The Ghanaian journalist Anas, a real masked avenger, denouncing numerous corruption scandals, has inspired many journalists in Africa.&lt;/p&gt;

&lt;p&gt;Some others are prominent whistle-blowers such as Andrew Feinstein, who after fighting against the apartheid within the ANC, became a parliamentarian when Mandela won the elections.&lt;/p&gt;

&lt;p&gt;Chairing the Public Accounts Committee at the parliament, he investigated a massive arms deal involving several European companies that was tainted by allegations of high-level corruption. Facing serious pressure from people of his own political party, he decided to resign and disclose the results of his investigation.&lt;/p&gt;

&lt;p&gt;&lt;strong&gt;Al Jazeera&lt;/strong&gt;: Should whistle-blowers be impartial?&lt;/p&gt;

&lt;p&gt;&lt;strong&gt;Bourdon&lt;/strong&gt;: No one is impartial. All of us have motives, political ideas.&lt;/p&gt;

&lt;p&gt;But when you’re faced to illicit activities that make you outraged, you need to think about the public interest, not your personal one.&lt;/p&gt;

&lt;blockquote&gt;
  &lt;p&gt;&lt;span class=&quot;post-blockquote&quot;&gt;“Blowing the whistle can change the world, but it can also change your life.”&lt;/span&gt;&lt;/p&gt;
&lt;/blockquote&gt;

&lt;p&gt;You need to be disinterested. Blowing the whistle can change the world, but it can also change your life.&lt;/p&gt;

&lt;p&gt;If you do it for yourself, out of hate or revenge, or for financial reasons, then you do it at greater risks and it’s much more difficult to legally defend you.&lt;/p&gt;

&lt;p&gt;Many laws protecting whistle-blowers require these latter to be disinterested when they blow the whistle.&lt;/p&gt;

&lt;p&gt;Anyone who wants to become a whistle-blower, who has sensitive information related to Africa and wants to disclose it, please get in touch with us before on pplaaf.org. We are here to help.&lt;/p&gt;

&lt;hr /&gt;

&lt;p&gt;&lt;em&gt;William Bourdon fought human rights abuses for almost 30 years before going after those who steal money from public resources&lt;/em&gt;&lt;/p&gt;</content><author><name></name></author><category term="featured" /><summary type="html">Whistle-blowers in Africa under threat have little legal protection, says lawyer representing Assange, Snowden and more.</summary><media:thumbnail xmlns:media="http://search.yahoo.com/mrss/" url="https://pplaaf.org/bourdon.jpg" /></entry><entry><title type="html">Lanceurs d’alerte!</title><link href="https://pplaaf.org/fr/2017/03/19/lanceurs-dalerte.html" rel="alternate" type="text/html" title="Lanceurs d'alerte!" /><published>2017-03-19T00:00:00+02:00</published><updated>2017-03-19T00:00:00+02:00</updated><id>https://pplaaf.org/fr/2017/03/19/lanceurs-dalerte</id><content type="html" xml:base="https://pplaaf.org/fr/2017/03/19/lanceurs-dalerte.html">&lt;p&gt;&lt;img class=&quot;img-responsive img-post center-block&quot; src=&quot;/img/posts/pplaaf-fr-logo.jpg&quot; /&gt;&lt;/p&gt;

&lt;p&gt;&lt;br /&gt;
&lt;strong&gt;Pourquoi créer une plateforme de lanceur d’alerte et qui est à l’initiative de ce projet ?&lt;/strong&gt;&lt;/p&gt;

&lt;p&gt;Il était urgent de créer une telle plateforme tant le cadre juridique de protection des lanceurs d’alerte dans les pays africains est extrêmement faible, voire inexistant. Seuls 7 pays sur 54 ont actuellement une loi spécifique portant sur les lanceurs d’alerte. Plus les institutions démocratiques sont défaillantes, plus ces citoyens qui souhaitent partager des informations sensibles avec l’opinion publique ou le pouvoir judiciaire se trouvent dans une situation particulièrement vulnérable et dangereuse. L’Afrique peut réellement bénéficier de ces vigies modernes pour pouvoir endiguer les graves atteintes à l’Etat de droit.&lt;/p&gt;

&lt;p&gt;C’est l’avocat français Me William Bourdon, le président de Sherpa, l’ONG spécialisée dans la défense des victimes de crimes économiques, qui est à l’initiative de ce projet. Egalement avocat d’Edward Snowden, Hervé Falciani, Antoine Deltour, etc., Me Bourdon a compris mieux qui quiconque le rôle clef joué par les lanceurs d’alerte pour prouver la corruption, les pots de vin, les malversations, etc. Témoins directs d’activités illégales ou dommageables à l’intérêt général, les lanceurs d’alerte, parfois banquier, soldat, ministre ou comptable, peuvent considérablement aider à lutter contre les flux d’argent sale, les contrats conclus de gré à gré, la prédation des ressources publiques par les régimes en place ou par des multinationales.&lt;/p&gt;

&lt;p&gt;Infatigable défenseur des droits de l’Homme, il était tout à fait naturel que Me Bourdon devienne également président de PPLAAF. Il a su en outre s’entourer de grands défenseurs des droits de l’Homme, comme l’ancien juge espagnol Baltasar Garzon ou le sénégalais Alioune Tine, actuel directeur Afrique de l’Ouest et Centrale pour Amnesty international. La directrice de PPLAAF est une journaliste d’investigation sud-africaine renommée, Khadija Sharife, qui avait coordonné pour l’African Network of Centers for Investigative Reporting (ANCIR) les enquêtes sur les Panama Papers concernant l’Afrique.&lt;/p&gt;

&lt;p&gt;&lt;strong&gt;De quand datez-vous les lanceurs d’alerte en Afrique?&lt;/strong&gt;&lt;/p&gt;

&lt;p&gt;Cette question est sensible tant le terme de lanceur d’alerte nous est contemporain. En retenant définition restrictive, l’un des premiers en Afrique est sans doute le journaliste britannique Edmund Dene Morel qui mena au début du XXe siècle en Angleterre une campagne de dénonciation des exactions commises au Congo par les colons belges au nom du Roi Léopold II. Il n’avait jamais été prouvé auparavant en Europe que Léopold II utilisait le Congo comme un réservoir de ressources et de travail forcé. La colonisation était toujours perçue par les Européens comme un acte de bonté civilisationnel.&lt;/p&gt;

&lt;p&gt;Plus récemment, l’un des lanceurs d’alerte dont les révélations ont eu le plus d’impact, est le sud-africain Andrew Feinstein. Ancien militant de l’ANC pendant l’apartheid, devenu député après l’élection de Nelson Mandela, Andrew Feinstein, en tant que président au Parlement du « Public Accounts Committee », avait cherché à enquêter sur un juteux contrat d’armements de plusieurs milliards de dollars liant le gouvernement sud-africain et des entreprises européennes. Alors que la nécessité d’un tel marché était loin d’être prouvée, il apparaissait de plus en plus que ce contrat permettait en réalité d’enrichir des politiciens et leurs alliés économiques au détriment des contribuables sud-africains. En 2001, lorsque le gouvernement l’empêcha de mener à bien ses enquêtes, il démissionna tout en rendant public ce qu’il savait déjà : plusieurs centaines de millions de dollars avaient été dépensés en pots-de-vin à des dignitaires de l’ANC.&lt;/p&gt;

&lt;p&gt;Si nous adoptons une définition plus large du lanceur d’alerte, en y incluant notamment les désobéissants civils, alors l’Afrique compte de nombreux exemples de ces hommes et femmes courageux qui, par leurs actions parfois non-violentes, ont participé à un réel réveil des consciences contre l’oppression coloniale.&lt;/p&gt;

&lt;p&gt;&lt;strong&gt;Quels liens entretiennent ces lanceurs d’alerte et les nouvelles voix de la société civile?&lt;/strong&gt;&lt;/p&gt;

&lt;p&gt;PPLAAF se veut être l’allié de tous les printemps africains, mais aussi de cette nouvelle génération d’activistes ou de citoyens indignés qui sortent du cadre traditionnel de l’activisme des sociétés civiles africaines. Le rassemblement au sein d’associations ou d’ONG n’est plus la structure essentielle pour s’opposer aux dérives de l’Etat. Les réseaux sociaux évidemment créent de nouveaux espaces de divulgation d’informations, de nouvelles façons de prendre conscience des excès du pouvoir. Ils permettent de mieux comprendre le fonctionnement de l’Etat de droit dans d’autres pays. Ce sont eux qui ont facilité les rassemblements populaires en Tunisie, en Egypte ou au Burkina Faso.&lt;/p&gt;

&lt;p&gt;Aujourd’hui les lanceurs d’alerte qui souhaitent divulguer leurs révélations rapidement peuvent s’appuyer sur des réseaux de bloggers comme les Africtivistes qui rassemblent des dizaines et des dizaines de personnes engagées sur Twitter. Leur hashtag « BringBackOurInternet » par exemple permet de suivre la situation très inquiétante qui sévit actuellement dans la partie anglophone du Cameroun.&lt;/p&gt;

&lt;p&gt;Il y aura de plus en plus en Afrique des actions politiques ou civiques novatrices et originales qui auront lieu sur internet ou qui se déclencheront via les réseaux sociaux. Les informations des lanceurs d’alerte pourront parfois jouer comme des étincelles qui permettront de grandes prises de conscience populaire. C’est pourquoi PPLAAF veut pouvoir travailler avec ces initiatives originales tout en agissant comme un bouclier pour protéger les intérêts des lanceurs d’alerte.&lt;/p&gt;</content><author><name></name></author><category term="fr" /><category term="featured" /><summary type="html">Questions à... Henri Thulliez. Défenseur français des droits de l'Homme, il a été pendant cinq ans coordinateur pour HRW dans l’affaire Hissène Habré. Il est membre du Conseil d'administration de la PPLAAF.</summary><media:thumbnail xmlns:media="http://search.yahoo.com/mrss/" url="https://pplaaf.org/pplaaf-front.jpg" /></entry><entry><title type="html">Rebels with a cause - Africa’s whistleblowers need urgent protection</title><link href="https://pplaaf.org/2017/03/10/rebels-with-a-cause.html" rel="alternate" type="text/html" title="Rebels with a cause - Africa's whistleblowers need urgent protection" /><published>2017-03-10T00:00:00+02:00</published><updated>2017-03-10T00:00:00+02:00</updated><id>https://pplaaf.org/2017/03/10/rebels-with-a-cause</id><content type="html" xml:base="https://pplaaf.org/2017/03/10/rebels-with-a-cause.html">&lt;p&gt;&lt;img class=&quot;img-responsive img-post center-block&quot; src=&quot;/img/posts/githongo.jpg&quot; /&gt;&lt;/p&gt;

&lt;p&gt;&lt;br /&gt;
In Kenya, former journalist John Githongo exposed fraudulent military equipment deals and other swindles in a series of explosive exposures; Abdullahi Hussein secretly filmed human rights atrocities in Ethiopia; Jean-Jacques Lumumba, a Congolese banker, shed light on serious financial embezzlement involving the ruling Kabila family.
&lt;!--more--&gt;
Not just in Africa but worldwide, citizens are becoming aware of the dark and oppressive political, economic and financial powers being exercised over their daily lives. Thanks to the revelations of whistleblowers, we can better fight back.&lt;/p&gt;

&lt;p&gt;But as the source of this information, whistleblowers are often the first victims of their own disclosures. High-security prisons, forced exile, endless legal proceedings, death threats and other reprisals turn these defenders of the public interest into public enemies.&lt;/p&gt;

&lt;p&gt;Despite the rising value of whistleblower disclosures, a vast majority of countries have weak or no specific rights protecting them. Africa is no exception: only seven of 54 countries have passed whistleblower laws, compared with 11 of 28 EU countries. In 2016, six journalists were killed and 41 languished in prisons across sub-Saharan Africa, according to the Committee to Protect Journalists.&lt;/p&gt;

&lt;p&gt;At the same time, large flows of dirty and opaque money are prospering, and the separation between public and private interest is vague at best and all too often government anti-corruption commitments are merely a frontfor eradicating political opponents.&lt;/p&gt;

&lt;p&gt;Africa needs citizen watchdogs to curb violations of the rule of law more than ever. Whistleblowers must benefit from real support because it is essential, as Hanna Arendt reminded, “to make space for civil disobedience in the operation of our public institutions”.&lt;/p&gt;

&lt;p&gt;These watchdogs – whether bank employees or soldiers, workers or accountants – must be able to rely on a community of experts to help them face the demons of power: mismanagement, corruption, impunity, human rights violations and other atrocities.&lt;/p&gt;

&lt;p&gt;They need safe and secure means to share sensitive documents and evidence with journalists and authorities. This is why we – activists, lawyers and artists – are launching the Platform to Protect Whistleblowers in Africa (PPLAAF) to put our experience at the service of people wishing to disclose compromising information in particularly difficult and dangerous contexts. Whistleblowers need a crowd of experts to shield them from the almost certain reprisals and threats that await.&lt;/p&gt;

&lt;p&gt;PPLAAF will offer technical, legal and media assistance to whistleblowers, either in Africa or elsewhere if the information they wish to share concerns Africa.&lt;/p&gt;

&lt;p&gt;Via its website, the PPLAAF provides a transmission system and a secure telephone line, and brings together numerous lawyers, international legal experts and NGOs ready to give them legal assistance before, during and after blowing the whistle.&lt;/p&gt;

&lt;p&gt;Because as Georges Bernanos, the French author and first world war soldier, wrote: “It takes a lot of rebels to make a free people.” Whistleblowers may be the rebels Africa has been waiting for.&lt;/p&gt;

&lt;hr /&gt;

&lt;p&gt;&lt;em&gt;Human rights lawyers William Bourdon of Paris and Baltasar Garzón of Madrid are founders of the Platform to Protect Whistleblowers in Africa (PPLAAF). The organisation was launched in Dakar, Senegal, this week&lt;/em&gt;&lt;/p&gt;</content><author><name>by William Bourdon -</name></author><summary type="html">A group of activists, lawyers and artists have launched a platform to help citizen watchdogs in often dangerous situations</summary><media:thumbnail xmlns:media="http://search.yahoo.com/mrss/" url="https://pplaaf.org/githongo.jpg" /></entry><entry><title type="html">La vidéo de William Bourdon lors du lancement.</title><link href="https://pplaaf.org/fr/2017/03/07/video-lancement-bourdon.html" rel="alternate" type="text/html" title="La vidéo de William Bourdon lors du lancement." /><published>2017-03-07T00:00:00+02:00</published><updated>2017-03-07T00:00:00+02:00</updated><id>https://pplaaf.org/fr/2017/03/07/video-lancement-bourdon</id><content type="html" xml:base="https://pplaaf.org/fr/2017/03/07/video-lancement-bourdon.html">&lt;iframe style=&quot;margin-top: 30px;&quot; class=&quot;center-block&quot; width=&quot;560&quot; height=&quot;315&quot; src=&quot;https://www.youtube.com/embed/A6LQ4gpFCUM&quot; frameborder=&quot;0&quot; allowfullscreen=&quot;&quot;&gt;&lt;/iframe&gt;
&lt;p&gt;&lt;br /&gt;
&lt;br /&gt;
&lt;br /&gt;
&lt;br /&gt;
&lt;br /&gt;&lt;/p&gt;</content><author><name>William Bourdon -</name></author><category term="fr" /><category term="featured" /><summary type="html">Il y a une exigence de protéger les citoyens qui défendent l’intérêt général</summary><media:thumbnail xmlns:media="http://search.yahoo.com/mrss/" url="https://pplaaf.org/video-bourdon-1.jpg" /></entry><entry><title type="html">Les lanceurs d’alerte africains ont un urgent besoin de protection</title><link href="https://pplaaf.org/fr/2017/03/07/lanceurs-besoin-protection.html" rel="alternate" type="text/html" title="Les lanceurs d’alerte africains ont un urgent besoin de protection" /><published>2017-03-07T00:00:00+02:00</published><updated>2017-03-07T00:00:00+02:00</updated><id>https://pplaaf.org/fr/2017/03/07/lanceurs-besoin-protection</id><content type="html" xml:base="https://pplaaf.org/fr/2017/03/07/lanceurs-besoin-protection.html">&lt;p&gt;&lt;img class=&quot;img-responsive img-post center-block&quot; src=&quot;/img/posts/pplaaf-fr-logo.jpg&quot; /&gt;&lt;/p&gt;

&lt;p&gt;&lt;br /&gt;
Une semaine avant que les Ghanéens ne se rendent aux urnes, Mabel Simpson, un couturier de 32 ans d’Accra, déclarait à un journaliste : &lt;em&gt;« Je pense que le Ghana a besoin d’un leader qui se batte contre la corruption. »&lt;/em&gt; Le 7 décembre 2016, le président en exercice perdit les élections, notamment en raison du mécontentement des citoyens dans la lutte anti-corruption du gouvernement.&lt;/p&gt;

&lt;p&gt;En Afrique du Sud, en août 2016, le parti du Congrès national africain (ANC) a connu l’une de ses pires défaites électorales depuis la fin de l’Apartheid. La corruption était l’une des principales raisons.&lt;/p&gt;

&lt;p&gt;Dans ces pays et dans beaucoup d’autres en Afrique, les malversations perpétrées par des élites politiques et des hommes d’affaires ont pu éclater au grand jour grâce à des lanceurs d’alerte. &lt;a href=&quot;http://www.lemonde.fr/idees/article/2010/04/19/john-githongo-et-le-combat-contre-la-corruption-par-pierre-jacquet_1335604_3232.html&quot;&gt;John Githongo au Kenya&lt;/a&gt; a révélé la conclusion de contrats frauduleux d’équipement militaire et d’autres escroqueries. Abdullahi Hussein a discrètement filmé des violations des droits humains en Ethiopie. &lt;a href=&quot;http://www.lemonde.fr/afrique/article/2016/12/22/jean-jacques-lumumba-banquier-congolais-exile-et-denonciateur-du-systeme-kabila_5053068_3212.html&quot;&gt;Jean-Jacques Lumumba, banquier congolais&lt;/a&gt;, a jeté la lumière sur de graves détournements financiers liant la famille Kabila.&lt;/p&gt;

&lt;h2 id=&quot;vigies-de-la-démocratie&quot;&gt;Vigies de la démocratie&lt;/h2&gt;

&lt;p&gt;Aujourd’hui, en Afrique et dans le monde entier, plus que jamais, les citoyens prennent conscience de l’étendue des pouvoirs obscurs des puissants sur la vie quotidienne de chacun. Grâce au développement des systèmes de communication, mêlé à une mondialisation accrue et aux révélations de lanceurs d’alerte, nous cernons mieux la surveillance jusqu’au-boutiste des services de renseignement ou la perte financière engrangée par des politiques bancaires favorisant la fraude fiscale et le blanchiment d’argent.&lt;/p&gt;

&lt;p&gt;Outre l’absence de limites aux pouvoirs de ceux qui contrôlent ces politiques affectant directement nos droits, nous sommes encore bien loin de comprendre chaque aspect de l’emprise des dirigeants sur nos libertés. Mais les lanceurs d’alerte tels &lt;a href=&quot;http://www.lemonde.fr/pixels/article/2017/01/18/victoire-wikileaks-et-edward-snowden-saluent-la-reduction-de-peine-de-chelsea-manning_5064358_4408996.html&quot;&gt;Chelsea Manning&lt;/a&gt;, http://www.lemonde.fr/pixels/article/2016/09/16/pour-le-congres-edward-snowden-est-avant-tout-un-employe-mecontent_4998499_4408996.html, &lt;a href=&quot;http://www.lemonde.fr/international/article/2016/04/25/antoine-deltour-lanceur-d-alerte-discret-mais-determine_4907970_3210.html&quot;&gt;Antoine Deltour (LuxLeaks)&lt;/a&gt;, &lt;a href=&quot;http://www.lemonde.fr/evasion-fiscale/article/2015/02/09/qui-est-herve-falciani-le-cauchemar-de-hsbc_4572876_4862750.html&quot;&gt;Hervé Falciani (SwissLeaks)&lt;/a&gt;, &lt;a href=&quot;http://www.lemonde.fr/europe/article/2016/11/12/julian-assange-va-etre-entendu-par-la-justice-suedoise_5030062_3214.html&quot;&gt;Julian Assange (WikiLeaks)&lt;/a&gt; et tant d’autres, nous éclairent sur cette grande part d’ombre en révélant à leur hiérarchie, aux autorités ou aux médias, entraves aux libertés, graves dommages à l’intérêt général, à l’environnement ou à la santé.&lt;/p&gt;

&lt;p&gt;A l’origine de ces prises de conscience populaire, ils sont toutefois les premières victimes de leurs propres révélations. Prison sous haute sécurité, exil forcé, procédures judiciaires interminables, impossibilité de retrouver un emploi, menaces de mort, etc., font de ces héros modernes, ces vigies de la démocratie, de véritables ennemis publics.&lt;/p&gt;

&lt;h2 id=&quot;kleptocrates-mégalomanes&quot;&gt;Kleptocrates mégalomanes&lt;/h2&gt;

&lt;p&gt;Malgré la valeur de plus en plus importante des révélations des lanceurs d’alerte dans le monde entier, le cadre juridique censé les protéger est extrêmement faible. L’Afrique ne fait pas exception. Seuls 7 pays sur 54 ont adopté des lois de protection des lanceurs d’alerte, contre 11 sur 28 en Europe, alors que les grands flux d’argent sale et opaque prospèrent et que la séparation entre intérêt général et intérêt personnel est brouillée. Des régimes sont parfois tenus d’une main de fer par des kleptocrates qui siphonnent l’argent et les ressources publiques pour satisfaire leur mégalomanie.&lt;/p&gt;

&lt;p&gt;Bien souvent, les engagements anti-corruption prônés par tel ou tel gouvernement ne sont que façade et leur lutte contre la corruption qu’une instrumentalisation pour éradiquer les opposants. Combien de multinationales étrangères s’appuient allègrement sur cette porosité des institutions locales pour en tirer elles-mêmes un maximum de profits, bien souvent au mépris des peuples ?&lt;/p&gt;

&lt;p&gt;L’Afrique a besoin de ces sentinelles citoyennes pour endiguer les graves atteintes à l’Etat de droit. Les lanceurs d’alerte doivent pouvoir y bénéficier d’un véritable accompagnement, tant il est nécessaire, comme l’a rappelé Hannah Arendt &lt;em&gt;« de faire une place à la désobéissance civile dans le fonctionnement de nos institutions publiques »&lt;/em&gt;.&lt;/p&gt;

&lt;h2 id=&quot;vulnérabilité&quot;&gt;Vulnérabilité&lt;/h2&gt;

&lt;p&gt;Dans les démocraties occidentales, l’état de vulnérabilité dans lequel peuvent se retrouver les lanceurs d’alerte montre à quel point ces derniers prennent de graves risques quand leurs pays sont dirigés par des garnisons militaires ou des potentats dangereux. A ces témoins directs de comportements dommageables à l’intérêt général, il faut offrir une protection pour les aider à partager leurs informations avec l’opinion publique ou le pouvoir judiciaire.&lt;/p&gt;

&lt;p&gt;Ces sentinelles, parfois employés de banque, soldats, ouvriers ou comptables dans de grands cabinets d’audit, doivent pouvoir s’appuyer sur une communauté d’experts désireuse de les aider face aux démons du pouvoir : la gabegie, la corruption, l’impunité, les violations des droits humains, etc.&lt;/p&gt;

&lt;p&gt;Les lanceurs d’alerte ont besoin d’un système protégé de communication et de transmission d’informations. Une communauté d’avocats, de militants, d’ONG, agissant comme bouclier contre de potentielles représailles et menaces, doit pouvoir les aider avant, pendant et après leurs révélations. Leur droit à la liberté d’expression doit être inscrit dans des lois solides et modernes de protection des lanceurs d’alerte.&lt;/p&gt;

&lt;p&gt;Comme l’écrivait Georges Bernanos : &lt;em&gt;« Il faut beaucoup d’indisciplinés pour faire un peuple libre. »&lt;/em&gt; Les lanceurs d’alerte sont peut-être les nouveaux indisciplinés dont a besoin l’Afrique.&lt;/p&gt;

&lt;blockquote&gt;
  &lt;p&gt;&lt;span class=&quot;post-blockquote&quot;&gt;&lt;/span&gt;&lt;/p&gt;
  &lt;h2 id=&quot;plateforme-de-protection-des-lanceurs-dalerte-en-afrique--comment-ça-marche-&quot;&gt;Plateforme de protection des lanceurs d’alerte en Afrique : comment ça marche ?&lt;/h2&gt;
  &lt;p&gt;Lancée officiellement à Dakar mardi 7 mars par un collectif de militants, de magistrats et de journalistes de diverses nationalités, la Plateforme de protection des lanceurs d’alerte en Afrique (Pplaaf) propose une assistance technique, juridique et médiatique à ces vigies de l’intérieur. Qu’ils viennent d’Afrique ou que l’information qu’ils souhaitent partager concerne l’Afrique, les lanceurs d’alerte peuvent, via le site Internet de la Pplaaf, trouver assistance grâce à un système de communication et de transmission de documents, ainsi qu’une ligne téléphonique protégée.&lt;br /&gt;&lt;br /&gt;La Pplaaf rassemble de nombreux avocats de plusieurs pays, des associations de juristes et des organisations non gouvernementales, tous formés à les accompagner juridiquement avant, pendant et après le lancement d’alerte. La Plateforme pourra les mettre en relation avec des journalistes d’investigation du continent et d’ailleurs afin de faciliter les enquêtes et la divulgation d’informations tout en leur assurant l’anonymat.&lt;br /&gt;&lt;br /&gt;
La mission de la Pplaaf est aussi d’encourager les Etats africains à se doter de lois fortes et modernes pour protéger les lanceurs d’alerte contre des mesures de représailles.&amp;lt;/span&amp;gt;&lt;/p&gt;
&lt;/blockquote&gt;</content><author><name>William Bourdon -</name></author><category term="fr" /><summary type="html">Un collectif de personnalités emmenées par l’avocat William Bourdon lance un site Web d’aide aux citoyens du continent engagés dans la révélation de faits de corruption.</summary><media:thumbnail xmlns:media="http://search.yahoo.com/mrss/" url="https://pplaaf.org/pplaaf-front.jpg" /></entry><entry><title type="html">Andrew Feinstein Addresses PPLAAF Launch</title><link href="https://pplaaf.org/2017/03/07/video-launch-feinstein.html" rel="alternate" type="text/html" title="Andrew Feinstein Addresses PPLAAF Launch" /><published>2017-03-07T00:00:00+02:00</published><updated>2017-03-07T00:00:00+02:00</updated><id>https://pplaaf.org/2017/03/07/video-launch-feinstein</id><content type="html" xml:base="https://pplaaf.org/2017/03/07/video-launch-feinstein.html">&lt;iframe style=&quot;margin-top: 30px;&quot; class=&quot;center-block&quot; width=&quot;560&quot; height=&quot;315&quot; src=&quot;https://www.youtube.com/embed/s4Yp7k2ur5Y&quot; frameborder=&quot;0&quot; allowfullscreen=&quot;&quot;&gt;&lt;/iframe&gt;

&lt;p&gt;&lt;br /&gt;
&lt;br /&gt;
&lt;br /&gt;
&lt;br /&gt;
&lt;br /&gt;&lt;/p&gt;</content><author><name>Andrew Feinstein</name></author><category term="featured" /><summary type="html">Andrew Feinstein addresses the launch of the PPLAAF by pre-recorded video.</summary><media:thumbnail xmlns:media="http://search.yahoo.com/mrss/" url="https://pplaaf.org/feinstein1.jpg" /></entry><entry><title type="html">The New Rebels - Whistleblowers Need Protection as Africa Turns Corner on Accountability</title><link href="https://pplaaf.org/2017/02/20/the-new-rebels.html" rel="alternate" type="text/html" title="The New Rebels - Whistleblowers Need Protection as Africa Turns Corner on Accountability" /><published>2017-02-20T00:00:00+02:00</published><updated>2017-02-20T00:00:00+02:00</updated><id>https://pplaaf.org/2017/02/20/the-new-rebels</id><content type="html" xml:base="https://pplaaf.org/2017/02/20/the-new-rebels.html">&lt;p&gt;A week before voters in Ghana went to the polls, Mabel Simpson, a 32-year-old fashion designer in Accra, told a journalist, “I feel like Ghana needs a leader who is going to fight corruption.” On December 7, the sitting president lost, largely due to citizen discontent with the government’s anti-corruption record.&lt;/p&gt;

&lt;p&gt;In South Africa in August, the African National Congress suffered its worst electoral defeat since the end of Apartheid. Among the main reasons? Corruption.&lt;/p&gt;

&lt;p&gt;In these and many other African countries, the dirty, secretive deeds of political and business elites have come to light thanks to whistleblowers. John Githongo exposed fraudulent military equipment deals and other swindles in Kenya.” Abdullahi Hussein secretly filmed human rights atrocities in Ethiopia. Jean-Jacques Lumumba, a Congolese banker, shed light on serious financial embezzlement involving the Kabila family.&lt;/p&gt;

&lt;p&gt;Not just in Africa but worldwide, citizens are becoming aware of the dark and oppressive political, economic and financial powers being exercised over their daily lives. Thanks to the revelations of whistleblowers, along with new communication technologies and increased globalisation, we can better discern the surveillance by intelligence services and the financial losses generated by banking policies that favour tax evasion and money laundering over the needs of individual savers.&lt;/p&gt;

&lt;p&gt;Regardless of the absence of limits to the power of those who actually control those policies that affect directly our rights, we are still far from understanding all aspects of control that leaders have over our liberties. However, Chelsea Manning, Edward Snowden, Antoine Deltour (LuxLeaks), Hervé Falciani (SwissLeaks), Julian Assange (WikiLeaks) and many other whistleblowers have enlightened us about this shadowy realm by revealing restrictions on liberties, as well as grave harm to public health and natural resources.&lt;/p&gt;

&lt;p&gt;As the point-source of this information, they are often the first victims of their own revelations. High-security prison, forced exile, endless legal proceedings, death threats and other reprisals turn these public interest defenders into public enemies.&lt;/p&gt;

&lt;p&gt;Despite the rising value of whistleblower disclosures, a vast majority of countries have weak or no specific rights for whistleblowers. Africa is no exception. Only 7 of 54 countries have passed whistleblower laws, compared to 11 of 28 EU countries. At the same time, large flows of dirty and opaque money are prospering, and the separation between public and private interest is vague at best. Regimes are sometimes held in an iron grip by kleptocrats who siphon public money and resources to satisfy their megalomania.&lt;/p&gt;

&lt;p&gt;All too often, the anti-corruption commitments advocated by one government or another are only a front. Their fight against corruption is nothing but “instrumentalisation” for the purpose of eradicating opponents. How many multinational foreigners happily rely on the porosity of local institutions in order to generate maximum profit for themselves, very often at the expense of local populations?&lt;/p&gt;

&lt;p&gt;Africa needs these citizen watchdogs to curb violations of the rule of law. Whistleblowers must benefit from real support because it is essential, as Hanna Arendt reminded, “to make space for civil disobedience in the operation of our public institutions.”&lt;/p&gt;

&lt;p&gt;The state of vulnerability in which whistleblowers find themselves shows to what extent they take very serious risks when their countries are controlled by military garrisons or dangerous potentates. It is essential to protect these direct witnesses of actions that harm the public interest, in order to help them to share their information with authorities and the general public.&lt;/p&gt;

&lt;p&gt;These watchdogs – whether bank employees and soldiers, workers and accountants – must be able to rely on a community of experts with a will to help them in the face of the demons of power: mismanagement, corruption, impunity, human rights violations and other atrocities.&lt;/p&gt;

&lt;p&gt;They need safe and secure means to share sensitive documents and evidence to journalists, and authorities. They need a crowd of lawyers and activists to shield them from the almost-certain reprisals and threats that await. Their right to free speech needs to be enshrined in strongly written and enforced whistleblower protections laws.&lt;/p&gt;

&lt;p&gt;Georges Bernanos wrote, “It takes a lot of rebels to make a free people.” Whistleblowers may be the rebels that Africa has been waiting for.&lt;/p&gt;

&lt;hr /&gt;

&lt;p&gt;&lt;em&gt;William Bourdon (lawyer), Baltasar Garzon (former judge, lawyer), Jihan El-Tahri (screen writer and filmmaker), Khadija Sharife (investigative journalist), Henri Thulliez (activist) Alioune Tine (activist) and Mark Worth (activist) are the founding members of PPLAAF.&lt;/em&gt;&lt;/p&gt;</content><author><name>by the founders of PPLAAF -</name></author><summary type="html">In Ghana, South Africa and many other African countries, the dirty, secretive deeds of political and business elites have come to light thanks to whistleblowers.</summary><media:thumbnail xmlns:media="http://search.yahoo.com/mrss/" url="https://pplaaf.org/pplaaf-front.jpg" /></entry></feed>