<?xml version="1.0" encoding="utf-8"?><feed xmlns="http://www.w3.org/2005/Atom" ><generator uri="http://jekyllrb.com" version="3.4.2">Jekyll</generator><link href="https://pplaaf.org/feed.xml" rel="self" type="application/atom+xml" /><link href="https://pplaaf.org/" rel="alternate" type="text/html" /><updated>2017-06-12T05:22:41+02:00</updated><id>https://pplaaf.org/</id><title type="html">Plateforme de Protection des Lanceurs d’Alerte en Afrique</title><entry><title type="html">William Bourdon - PLAAF aims to support whistle-blowers</title><link href="https://pplaaf.org/2017/03/20/pplaaf-aims-support.html" rel="alternate" type="text/html" title="William Bourdon - PLAAF aims to support whistle-blowers" /><published>2017-03-20T00:00:00+02:00</published><updated>2017-03-20T00:00:00+02:00</updated><id>https://pplaaf.org/2017/03/20/pplaaf-aims-support</id><content type="html" xml:base="https://pplaaf.org/2017/03/20/pplaaf-aims-support.html">&lt;p&gt;&lt;img class=&quot;img-responsive img-post center-block&quot; src=&quot;/img/posts/bourdon.jpg&quot; /&gt;
&lt;br /&gt;
As demand for the truth soars across the world, with confidence in media and governments plummeting, whistle-blowers are having quite a moment from the Global North to South.&lt;/p&gt;

&lt;p&gt;The risk of whistle-blowing in much of Africa is incredibly high. Of 54 African countries, just seven have passed whistle-blower laws.&lt;/p&gt;

&lt;p&gt;William Bourdon, one of the world’s leading advocates of whistle-blowers, has represented WikiLeaks founder Julian Assange, Edward Snowden, Antoine Deltour – the man behind the Luxembourg Leaks, and Herve Falciani, who exposed wrongdoing at HSBC’s Swiss private bank.&lt;/p&gt;

&lt;p&gt;Here, the French lawyer explains why he has founded Plateforme de Protection des Lanceurs d’Alerte en Afrique (PLAAF), a platform to protect whistle-blowers in Africa comprising legal experts, investigative journalists, NGOs and academics.&lt;/p&gt;

&lt;p&gt;&lt;strong&gt;Al Jazeera&lt;/strong&gt;: Why did you decide to launch PPLAAF?&lt;/p&gt;

&lt;p&gt;&lt;strong&gt;Bourdon&lt;/strong&gt;: Creating PPLAAF was an absolute necessity. The great question of the 21st century appeared to be this great civic anger targeted against those who mix public money with private interests, and against this, impunity enjoyed by big multinationals.&lt;/p&gt;

&lt;p&gt;In Africa, many NGOs and authorities have become more and more professional in their fight against corruption. However, I think one particular tool was missing while large flows of dirty and opaque money are prospering, and the separation between public and private interest is vague at best.&lt;/p&gt;

&lt;p&gt;Regimes are sometimes held in an iron grip by kleptocrats who siphon public money and resources to satisfy their megalomania, and all too often government anti-corruption commitments are merely a front for eradicating political opponents. But many brave people want this to stop.&lt;/p&gt;

&lt;p&gt;And we want to help them to disclose what they witness by offering them a legal protection. That’s why we created PPLAAF.&lt;/p&gt;

&lt;p&gt;&lt;strong&gt;Al Jazeera&lt;/strong&gt;: What do you hope to achieve?&lt;/p&gt;

&lt;p&gt;&lt;strong&gt;Bourdon&lt;/strong&gt;: PPLAAF’s priority is to offer legal protection to whistle-blowers. Too many of them in Africa have faced lethal danger, persecution, threats, only because their identity has been known. PPLAAF wants to protect them, technically and legally.&lt;/p&gt;

&lt;p&gt;PPLAAF can work to iron out the many dangers a whistle-blower can face if she or he wants to disclose sensitive information relevant to the public interest. It can also work as a protective shield between them and the press.&lt;/p&gt;

&lt;p&gt;The whistle-blower at the origin of the Panama Papers, the biggest leak in history, is still anonymous. That’s a success story for the protection of whistle-blower.&lt;/p&gt;

&lt;p&gt;But, of course, PPLAAF wants to achieve a greater objective and be an ally to all the good conscious who are fighting for a greater world. Giving the possibility to a whistle-blower to disclose for the public interest is a strong democratic act and is a step closer to the end of impunity for massive financial crimes.&lt;/p&gt;

&lt;p&gt;&lt;strong&gt;Al Jazeera&lt;/strong&gt;: Do you think, given the changing political climate across the world, there is a rising need for whistle-blowers?&lt;/p&gt;

&lt;p&gt;&lt;strong&gt;Bourdon&lt;/strong&gt;: There is a rising need for whistle-blowers. Worldwide, citizens are becoming aware of the dark and oppressive political, economic and financial powers being exercised over their daily lives.&lt;/p&gt;

&lt;p&gt;Thanks to the revelations of whistle-blowers, along with new communication technologies and increased globalisation, we can better discern the surveillance by intelligence services and the financial losses generated by banking policies that favour tax evasion and money laundering over the needs of individual savers.&lt;/p&gt;

&lt;p&gt;The more professional secrecy is used in a way to organise the impunity of shameful behaviours which are contrary to international standards, the more whistle-blowers need to break this secrecy in order to reveal reprehensible activities.&lt;/p&gt;

&lt;blockquote&gt;
  &lt;p&gt;&lt;span class=&quot;post-blockquote&quot;&gt;“Whistle-blowers are watchdogs of democracy”&lt;/span&gt;&lt;/p&gt;
&lt;/blockquote&gt;

&lt;p&gt;In this civic anger which is rising in the world, from Bucharest to Seoul, whistle-blowers are the top of the pyramid. We need them in order to understand how we can improve the way we live together, the way we are led. That’s why PPLAAF will be duplicated in other parts of the world.&lt;/p&gt;

&lt;p&gt;&lt;strong&gt;Al Jazeera&lt;/strong&gt;: How does whistle-blowing differ between Europe and North America, and Africa?&lt;/p&gt;

&lt;p&gt;&lt;strong&gt;Bourdon&lt;/strong&gt;: Even if they take great risks and face very damaging retaliation, whistle-blowers in Europe or in North America are better-protected thanks to strong democratic institutions and a real rule of law, although this latter always needs to be built stone-by-stone.&lt;/p&gt;

&lt;p&gt;Several countries in the Western world have strong laws protecting whistle-blowers, such as France, the UK or the US. Progressive human rights courts like the European Court of Human Rights can also play a great role in the protection of whistle-blowers.&lt;/p&gt;

&lt;p&gt;As an example, during the trial of Antoine Deltour before a court in Luxembourg, we sought his protection under Article 10 of the European Convention on Human Rights which protects freedom of expression.&lt;/p&gt;

&lt;p&gt;But where democratic institutions are weak or inexistent, whistle-blowers are at much greater risk.&lt;/p&gt;

&lt;p&gt;Only seven of 54 African countries have passed whistle-blower laws. In countries like these, blowing the whistle can lead to lethal danger.&lt;/p&gt;

&lt;blockquote&gt;
  &lt;p&gt;&lt;span class=&quot;post-blockquote&quot;&gt;“Whistle-blowers need to properly check the veracity and the credibility of the information they want to disclose.”&lt;/span&gt;&lt;/p&gt;
&lt;/blockquote&gt;

&lt;p&gt;Moss Phakoe, a former local representative in South Africa, was killed in 2009 after disclosing information about corruption activities in Rustenburg.&lt;/p&gt;

&lt;p&gt;Jean-Jacques Lumumba, a former employee in a Congolese bank had to leave the country in 2016 when his superior threatened to kill him after he showed him evidence that the bank was conducting serious illegal activities.&lt;/p&gt;

&lt;p&gt;These are examples which show the risks taken by these very brave soldiers of democracy.&lt;/p&gt;

&lt;p&gt;&lt;strong&gt;Al Jazeera&lt;/strong&gt;: In the West, many are quick to cast Assange as pro-Russia and pro-Trump. Should whistle-blowers in the West and in Africa, whose leaks are subject to manipulation, now impose their own limits in terms of the information they are prepared to leak?&lt;/p&gt;

&lt;p&gt;&lt;strong&gt;Bourdon&lt;/strong&gt;: This is a very relevant question. Nowadays, information is of paramount importance, especially since it can be so quickly spread. It can change an election, it can destroy someone’s life, it can interfere with the future of a nation.&lt;/p&gt;

&lt;p&gt;Whistle-blowers have therefore a great responsibility when disclosing information, especially now that they can do it without going through the press, thanks to the new technologies. Whistle-blowers need to properly check the veracity and the credibility of the information they want to disclose.&lt;/p&gt;

&lt;p&gt;PPLAAF can help them assessing the information they have at hand and see if it’s something worth disclosing. To that end, PPLAFF will conduct an in-depth investigation to check the credibility. PPLAAF will never put itself in a situation where it only fuels the spread of a rumour.&lt;/p&gt;

&lt;p&gt;That said, it is not for PPLAAF nor the whistle-blower to wonder whether the information to disclose will interfere with an election or the conclusion of an international contract.&lt;/p&gt;

&lt;p&gt;&lt;strong&gt;Al Jazeera&lt;/strong&gt;: Is there a history of whistle-blowers in Africa?&lt;/p&gt;

&lt;p&gt;&lt;strong&gt;Bourdon&lt;/strong&gt;: It depends on the scope of the definition of whistle-blowing.&lt;/p&gt;

&lt;p&gt;If civic disobedience is included within the definition, then Africa can only be proud of the noble examples it has, of these women and men who fought for their freedom during the colonisation or oppressive regimes like the Apartheid. Gandhi or Mandela have inspired the world.&lt;/p&gt;

&lt;p&gt;The religious leader Cheikh Amadou Bamba who, at the end of the 19th century, decided to pray before a French court to show his opposition to colonial powers has triggered a non-violence conscious still in force today in Senegal.&lt;/p&gt;

&lt;blockquote&gt;
  &lt;p&gt;&lt;span class=&quot;post-blockquote&quot;&gt;“Except in certain rare circumstances, there is almost no protection for whistle-blowers in African countries. PPLAAF is here to fill in the gaps left by weak states or institutions.”&lt;/span&gt;&lt;/p&gt;
&lt;/blockquote&gt;

&lt;p&gt;We can also mention Algerian freedom fighters or Haile Selassie when he gave this prominent speech in 1936 before the League of Nations criticising the occupation of his country by the troops of Mussolini.&lt;/p&gt;

&lt;p&gt;If you keep a strict definition, the first whistle-blower is probably the British journalist Edmund Dene Morel who, at the beginning of the 20th century, led a campaign in the UK to denounce the exactions committed in Congo by Belgian colonisers on behalf of King Leopold II.&lt;/p&gt;

&lt;p&gt;Never before had it been proved that the King was using Congo as a resource for forced labour. Colonisation was still perceived in Europe as a civic act of kindness.&lt;/p&gt;

&lt;p&gt;&lt;strong&gt;Al Jazeera&lt;/strong&gt;: What protections exist in Africa for whistle-blowers, and how can your organisation help?&lt;/p&gt;

&lt;p&gt;&lt;strong&gt;Bourdon&lt;/strong&gt;: Except in certain rare circumstances, there is almost no protection for whistle-blowers in African countries. PPLAAF is here to fill in the gaps left by weak states or institutions.&lt;/p&gt;

&lt;p&gt;Therefore, PPLAAF can offer four kind of services: technical assistance through encrypted channels (web portal to send sensitive documents and a hotline in French and English); legal assistance through a network of lawyers and activists; and mediatic assistance - PPLAAF acts as a shield between the whistle-blowers and the press.&lt;/p&gt;

&lt;p&gt;Finally, PPLAAF can also work as a think-tank, advising governments and authorities on how adopting laws which will help to protect in a progressive and efficient way whistle-blowers.&lt;/p&gt;

&lt;p&gt;Al Jazeera: How did you decide upon your advisory board? What do they bring?&lt;/p&gt;

&lt;p&gt;Bourdon: PPLAAF’s advisory board is a fantastic sample of great heroes and activists who put themselves, at great risks, at the forefront of the fight against injustice. The Ghanaian journalist Anas, a real masked avenger, denouncing numerous corruption scandals, has inspired many journalists in Africa.&lt;/p&gt;

&lt;p&gt;Some others are prominent whistle-blowers such as Andrew Feinstein, who after fighting against the apartheid within the ANC, became a parliamentarian when Mandela won the elections.&lt;/p&gt;

&lt;p&gt;Chairing the Public Accounts Committee at the parliament, he investigated a massive arms deal involving several European companies that was tainted by allegations of high-level corruption. Facing serious pressure from people of his own political party, he decided to resign and disclose the results of his investigation.&lt;/p&gt;

&lt;p&gt;&lt;strong&gt;Al Jazeera&lt;/strong&gt;: Should whistle-blowers be impartial?&lt;/p&gt;

&lt;p&gt;&lt;strong&gt;Bourdon&lt;/strong&gt;: No one is impartial. All of us have motives, political ideas.&lt;/p&gt;

&lt;p&gt;But when you’re faced to illicit activities that make you outraged, you need to think about the public interest, not your personal one.&lt;/p&gt;

&lt;blockquote&gt;
  &lt;p&gt;&lt;span class=&quot;post-blockquote&quot;&gt;“Blowing the whistle can change the world, but it can also change your life.”&lt;/span&gt;&lt;/p&gt;
&lt;/blockquote&gt;

&lt;p&gt;You need to be disinterested. Blowing the whistle can change the world, but it can also change your life.&lt;/p&gt;

&lt;p&gt;If you do it for yourself, out of hate or revenge, or for financial reasons, then you do it at greater risks and it’s much more difficult to legally defend you.&lt;/p&gt;

&lt;p&gt;Many laws protecting whistle-blowers require these latter to be disinterested when they blow the whistle.&lt;/p&gt;

&lt;p&gt;Anyone who wants to become a whistle-blower, who has sensitive information related to Africa and wants to disclose it, please get in touch with us before on pplaaf.org. We are here to help.&lt;/p&gt;

&lt;hr /&gt;

&lt;p&gt;&lt;em&gt;William Bourdon fought human rights abuses for almost 30 years before going after those who steal money from public resources&lt;/em&gt;&lt;/p&gt;</content><author><name></name></author><category term="featured" /><summary type="html">Whistle-blowers in Africa under threat have little legal protection, says lawyer representing Assange, Snowden and more.</summary><media:thumbnail xmlns:media="http://search.yahoo.com/mrss/" url="https://pplaaf.org/bourdon.jpg" /></entry><entry><title type="html">Rebels with a cause - Africa’s whistleblowers need urgent protection</title><link href="https://pplaaf.org/2017/03/10/rebels-with-a-cause.html" rel="alternate" type="text/html" title="Rebels with a cause - Africa's whistleblowers need urgent protection" /><published>2017-03-10T00:00:00+02:00</published><updated>2017-03-10T00:00:00+02:00</updated><id>https://pplaaf.org/2017/03/10/rebels-with-a-cause</id><content type="html" xml:base="https://pplaaf.org/2017/03/10/rebels-with-a-cause.html">&lt;p&gt;&lt;img class=&quot;img-responsive img-post center-block&quot; src=&quot;/img/posts/githongo.jpg&quot; /&gt;&lt;/p&gt;

&lt;p&gt;&lt;br /&gt;
In Kenya, former journalist John Githongo exposed fraudulent military equipment deals and other swindles in a series of explosive exposures; Abdullahi Hussein secretly filmed human rights atrocities in Ethiopia; Jean-Jacques Lumumba, a Congolese banker, shed light on serious financial embezzlement involving the ruling Kabila family.
&lt;!--more--&gt;
Not just in Africa but worldwide, citizens are becoming aware of the dark and oppressive political, economic and financial powers being exercised over their daily lives. Thanks to the revelations of whistleblowers, we can better fight back.&lt;/p&gt;

&lt;p&gt;But as the source of this information, whistleblowers are often the first victims of their own disclosures. High-security prisons, forced exile, endless legal proceedings, death threats and other reprisals turn these defenders of the public interest into public enemies.&lt;/p&gt;

&lt;p&gt;Despite the rising value of whistleblower disclosures, a vast majority of countries have weak or no specific rights protecting them. Africa is no exception: only seven of 54 countries have passed whistleblower laws, compared with 11 of 28 EU countries. In 2016, six journalists were killed and 41 languished in prisons across sub-Saharan Africa, according to the Committee to Protect Journalists.&lt;/p&gt;

&lt;p&gt;At the same time, large flows of dirty and opaque money are prospering, and the separation between public and private interest is vague at best and all too often government anti-corruption commitments are merely a frontfor eradicating political opponents.&lt;/p&gt;

&lt;p&gt;Africa needs citizen watchdogs to curb violations of the rule of law more than ever. Whistleblowers must benefit from real support because it is essential, as Hanna Arendt reminded, “to make space for civil disobedience in the operation of our public institutions”.&lt;/p&gt;

&lt;p&gt;These watchdogs – whether bank employees or soldiers, workers or accountants – must be able to rely on a community of experts to help them face the demons of power: mismanagement, corruption, impunity, human rights violations and other atrocities.&lt;/p&gt;

&lt;p&gt;They need safe and secure means to share sensitive documents and evidence with journalists and authorities. This is why we – activists, lawyers and artists – are launching the Platform to Protect Whistleblowers in Africa (PPLAAF) to put our experience at the service of people wishing to disclose compromising information in particularly difficult and dangerous contexts. Whistleblowers need a crowd of experts to shield them from the almost certain reprisals and threats that await.&lt;/p&gt;

&lt;p&gt;PPLAAF will offer technical, legal and media assistance to whistleblowers, either in Africa or elsewhere if the information they wish to share concerns Africa.&lt;/p&gt;

&lt;p&gt;Via its website, the PPLAAF provides a transmission system and a secure telephone line, and brings together numerous lawyers, international legal experts and NGOs ready to give them legal assistance before, during and after blowing the whistle.&lt;/p&gt;

&lt;p&gt;Because as Georges Bernanos, the French author and first world war soldier, wrote: “It takes a lot of rebels to make a free people.” Whistleblowers may be the rebels Africa has been waiting for.&lt;/p&gt;

&lt;hr /&gt;

&lt;p&gt;&lt;em&gt;Human rights lawyers William Bourdon of Paris and Baltasar Garzón of Madrid are founders of the Platform to Protect Whistleblowers in Africa (PPLAAF). The organisation was launched in Dakar, Senegal, this week&lt;/em&gt;&lt;/p&gt;</content><author><name>by William Bourdon -</name></author><summary type="html">A group of activists, lawyers and artists have launched a platform to help citizen watchdogs in often dangerous situations</summary><media:thumbnail xmlns:media="http://search.yahoo.com/mrss/" url="https://pplaaf.org/githongo.jpg" /></entry><entry><title type="html">The New Rebels - Whistleblowers Need Protection as Africa Turns Corner on Accountability</title><link href="https://pplaaf.org/2017/02/20/the-new-rebels.html" rel="alternate" type="text/html" title="The New Rebels - Whistleblowers Need Protection as Africa Turns Corner on Accountability" /><published>2017-02-20T00:00:00+02:00</published><updated>2017-02-20T00:00:00+02:00</updated><id>https://pplaaf.org/2017/02/20/the-new-rebels</id><content type="html" xml:base="https://pplaaf.org/2017/02/20/the-new-rebels.html">&lt;p&gt;A week before voters in Ghana went to the polls, Mabel Simpson, a 32-year-old fashion designer in Accra, told a journalist, “I feel like Ghana needs a leader who is going to fight corruption.” On December 7, the sitting president lost, largely due to citizen discontent with the government’s anti-corruption record.&lt;/p&gt;

&lt;p&gt;In South Africa in August, the African National Congress suffered its worst electoral defeat since the end of Apartheid. Among the main reasons? Corruption.&lt;/p&gt;

&lt;p&gt;In these and many other African countries, the dirty, secretive deeds of political and business elites have come to light thanks to whistleblowers. John Githongo exposed fraudulent military equipment deals and other swindles in Kenya.” Abdullahi Hussein secretly filmed human rights atrocities in Ethiopia. Jean-Jacques Lumumba, a Congolese banker, shed light on serious financial embezzlement involving the Kabila family.&lt;/p&gt;

&lt;p&gt;Not just in Africa but worldwide, citizens are becoming aware of the dark and oppressive political, economic and financial powers being exercised over their daily lives. Thanks to the revelations of whistleblowers, along with new communication technologies and increased globalisation, we can better discern the surveillance by intelligence services and the financial losses generated by banking policies that favour tax evasion and money laundering over the needs of individual savers.&lt;/p&gt;

&lt;p&gt;Regardless of the absence of limits to the power of those who actually control those policies that affect directly our rights, we are still far from understanding all aspects of control that leaders have over our liberties. However, Chelsea Manning, Edward Snowden, Antoine Deltour (LuxLeaks), Hervé Falciani (SwissLeaks), Julian Assange (WikiLeaks) and many other whistleblowers have enlightened us about this shadowy realm by revealing restrictions on liberties, as well as grave harm to public health and natural resources.&lt;/p&gt;

&lt;p&gt;As the point-source of this information, they are often the first victims of their own revelations. High-security prison, forced exile, endless legal proceedings, death threats and other reprisals turn these public interest defenders into public enemies.&lt;/p&gt;

&lt;p&gt;Despite the rising value of whistleblower disclosures, a vast majority of countries have weak or no specific rights for whistleblowers. Africa is no exception. Only 7 of 54 countries have passed whistleblower laws, compared to 11 of 28 EU countries. At the same time, large flows of dirty and opaque money are prospering, and the separation between public and private interest is vague at best. Regimes are sometimes held in an iron grip by kleptocrats who siphon public money and resources to satisfy their megalomania.&lt;/p&gt;

&lt;p&gt;All too often, the anti-corruption commitments advocated by one government or another are only a front. Their fight against corruption is nothing but “instrumentalisation” for the purpose of eradicating opponents. How many multinational foreigners happily rely on the porosity of local institutions in order to generate maximum profit for themselves, very often at the expense of local populations?&lt;/p&gt;

&lt;p&gt;Africa needs these citizen watchdogs to curb violations of the rule of law. Whistleblowers must benefit from real support because it is essential, as Hanna Arendt reminded, “to make space for civil disobedience in the operation of our public institutions.”&lt;/p&gt;

&lt;p&gt;The state of vulnerability in which whistleblowers find themselves shows to what extent they take very serious risks when their countries are controlled by military garrisons or dangerous potentates. It is essential to protect these direct witnesses of actions that harm the public interest, in order to help them to share their information with authorities and the general public.&lt;/p&gt;

&lt;p&gt;These watchdogs – whether bank employees and soldiers, workers and accountants – must be able to rely on a community of experts with a will to help them in the face of the demons of power: mismanagement, corruption, impunity, human rights violations and other atrocities.&lt;/p&gt;

&lt;p&gt;They need safe and secure means to share sensitive documents and evidence to journalists, and authorities. They need a crowd of lawyers and activists to shield them from the almost-certain reprisals and threats that await. Their right to free speech needs to be enshrined in strongly written and enforced whistleblower protections laws.&lt;/p&gt;

&lt;p&gt;Georges Bernanos wrote, “It takes a lot of rebels to make a free people.” Whistleblowers may be the rebels that Africa has been waiting for.&lt;/p&gt;

&lt;hr /&gt;

&lt;p&gt;&lt;em&gt;William Bourdon (lawyer), Baltasar Garzon (former judge, lawyer), Jihan El-Tahri (screen writer and filmmaker), Khadija Sharife (investigative journalist), Henri Thulliez (activist) Alioune Tine (activist) and Mark Worth (activist) are the founding members of PPLAAF.&lt;/em&gt;&lt;/p&gt;</content><author><name>by the founders of PPLAAF -</name></author><summary type="html">In Ghana, South Africa and many other African countries, the dirty, secretive deeds of political and business elites have come to light thanks to whistleblowers.</summary><media:thumbnail xmlns:media="http://search.yahoo.com/mrss/" url="https://pplaaf.org/pplaaf-front.jpg" /></entry><entry><title type="html">The big Bots diamond rip-off</title><link href="https://pplaaf.org/2017/01/11/the-big-bots-ripoff.html" rel="alternate" type="text/html" title="The big Bots diamond rip-off" /><published>2017-01-11T00:00:00+02:00</published><updated>2017-01-11T00:00:00+02:00</updated><id>https://pplaaf.org/2017/01/11/the-big-bots-ripoff</id><content type="html" xml:base="https://pplaaf.org/2017/01/11/the-big-bots-ripoff.html">&lt;p&gt;&lt;img class=&quot;img-responsive img-post center-block&quot; src=&quot;/img/posts/bots.jpg&quot; /&gt;
&lt;br /&gt;
Thabiso, a taxi driver in Botswana’s capital of Gaborone, has big plans for the day he gets some extra money. “When I’ve got it, I’m going to propose to my fiancée at a nice place like KFC,” he says. “Put the big diamond ring on a fried chip.”&lt;/p&gt;

&lt;p&gt;But the likelihood of Thabiso being able to buy a large diamond is slim despite Botswana being one of the world’s biggest producer of gem-quality diamonds. Times are hard in Botswana. Despite his undergraduate degree, taxi work is all Thabiso can find.&lt;/p&gt;

&lt;p&gt;Diamond-rich Botswana, according to the World Bank’s income inequality statistics,
is one of the world’s most unequal countries. It is a land of contradictions: rich and poor, politically peaceful yet economically unequal. Driving through the dusty streets of Gaborone, it is hard to see where the $40bn in diamond value mined since 2003 has gone.&lt;/p&gt;

&lt;p&gt;The diamond business makes up a huge proportion of the country’s economy, accounting for 80% of Botswana’s export revenue. Yet puzzling discrepancies in the country’s diamond data exist.&lt;/p&gt;

&lt;p&gt;“Rough” diamonds, or diamonds straight from the ground, are mined in various locations around the world and come in three types: gemstones, industrial grade and “boart” diamonds. The stones are sorted into thousands of categories based on weight, colour and clarity.&lt;/p&gt;

&lt;p&gt;Gemstones are the classic brilliant diamonds seen in rings, necklaces and tiaras; industrial grade diamonds are darker and contain flaws, while boart diamonds are the poorest grade of all. As
all diamonds are exceptionally hard, the lesser grades are used for products such as drill bits, while boart can be ground into dust to make industrial sandpaper.&lt;/p&gt;

&lt;p&gt;Most of Botswana’s rough gemstone diamonds are exported to other countries to be cut, polished and made into jewellery, which raises the value exponentially.&lt;/p&gt;

&lt;p&gt;Yet an analysis of confidential data on rough Botswana gemstones shows an average 77.6% increase in value for the stones once they leave Botswana and arrive in a foreign country – before any cutting or polishing takes place.&lt;/p&gt;

&lt;p&gt;That is, the diamonds’ value miraculously increases when they are traded between different countries after escaping Botswana’s national borders – and tax brackets. The data appears to indicate use of an old trick known as profit- shifting, whereby a commodity is undervalued to reduce tax liability. But when the diamonds arrive in a tax-free jurisdiction such as the “freeports” of Switzerland, their value increases by up to 200%. (A freeport is a free-trade zone where products can be stored duty-free while awaiting re-export.)&lt;/p&gt;

&lt;h2 id=&quot;how-much-is-that-diamond-in-the-window&quot;&gt;How much is that diamond in the window?&lt;/h2&gt;

&lt;p&gt;Since gaining independence from Britain in 1966, Botswana, which is about the size of France with
a population of 2 million, has become a middle-income country. Just 50 years earlier, it was one of the world’s 10 poorest nations. The country has also managed to avoid the type of violent conflict that has engulfed others on the continent.&lt;/p&gt;

&lt;p&gt;The Botswanan government is losing significant tax revenues if the diamonds are being undervalued on export only to assume a higher value abroad. country has also managed to avoid the type of violent conflict that has engulfed others on the continent.
Since then, most of Botswana’s diamonds have been produced through the joint-venture Debswana, a partnership between diamond giant De Beers and the Botswana government. Known as the De Beers Botswana Mining Company when it was founded in 1968, the relationship between De Beers and the Botswana government is considered the oldest public-private partnership of the post-colonial period. Over the years, the Botswana government increased its shares in Debswana from 15% to 50%, and also managed to obtain a 15% share of De Beers itself.&lt;/p&gt;

&lt;p&gt;For decades, De Beers closely guarded its financial information. But in 2013 the company released some numbers showing that Botswana provides more than 70% of De Beers’ diamonds.
&lt;br /&gt;&lt;br /&gt;
&lt;img class=&quot;img-responsive img-post center-block&quot; src=&quot;/img/posts/bots-graph.png&quot; /&gt;
&lt;br /&gt;
In 2013, De Beers obtained more than 31m carats from its holdings in African countries such as Namibia, South Africa and Botswana as well as Canada. Of that, Botswana accounted for about 22.7m carats. Of the $5.9bn in revenue generated by De Beers in 2013, Botswana accounted for $4.2bn.&lt;/p&gt;

&lt;p&gt;The diamond market runs very differently from other commodity markets. Diamonds mined by Debswana are mostly exported to De Beers’ subsidiaries abroad or to De Beers’ preferred buyers – companies known as “sightholders”. These sightholders receive special parcels at “sights” (buyer events) held throughout the year.&lt;/p&gt;

&lt;p&gt;De Beers determines the type or quality of diamond each approved sightholder receives. Parcels provided to sightholders are based on De Beers’ access to privileged information including the sightholders’ sales and markets.&lt;/p&gt;

&lt;p&gt;Unlike gold, platinum or other high-value minerals, the value of diamonds remains confidential and highly subjective. Diamonds are graded from gem quality down to industrial, based on the qualities inherent in each stone. De Beers lists more than 12,000 different categories in a pricebook, but won’t say how it values stones or determines the various types of diamonds. Once the rough gem-quality diamonds are cut and polished – or even set into jewellery – they enter the wholesale and retail global markets. Belgium, Israel and India are leaders in the diamond- processing industry, while the US and China offer some of the world’s largest retail markets.&lt;/p&gt;

&lt;p&gt;Sightholders, who are usually based in Belgium, the US or India, are allowed to accept or reject the parcels but they are not allowed to negotiate price or to select diamonds themselves. If a sightholder rejects a parcel, future parcels may be of lesser quality – or the sightholder may be excluded from future sights.&lt;/p&gt;

&lt;p&gt;But while De Beers demands access to proprietary information from its sightholders, the company guards its own data and valuation methodologies fiercely.&lt;/p&gt;

&lt;p&gt;The sightholder system ensures a controlled supply of diamonds to the world market. Only a limited number and type of diamonds can enter the markets through specific sellers, limiting the supply of gem diamonds and raising their price. For 60 years, the system was condemned as price-fixing by the US, which banned De Beers until 2012, when the company made a $295m settlement to diamond buyers and retail consumers negotiated by the US Justice Department.
&lt;br /&gt;
&lt;br /&gt;
&lt;img class=&quot;img-responsive img-post center-block&quot; src=&quot;/img/posts/bots2.jpg&quot; /&gt;
&lt;br /&gt;
The practice was not limited to De Beers, which produces just over a third of the world’s gemstones. Russia’s diamond group Alrosa produced the most diamonds overall. A spokesperson for the state-owned Alrosa claimed that if the price of diamonds isn’t supported, a diamond becomes a “mere piece of carbon”.&lt;/p&gt;

&lt;p&gt;It appears that De Beers may stockpile an unknown quantity of rough diamonds to create a scarcity of rough gems. Furthermore, the value of the gems varies greatly depending on which country imports them from Botswana.&lt;/p&gt;

&lt;p&gt;For example, Switzerland shows a pattern of importing gemstones before exporting them at much higher values, without having added value to the stones by cutting or polishing them.&lt;/p&gt;

&lt;p&gt;Between 2003 and 2016, confidential data shows the value of diamonds originating in Botswana and traded between Switzerland and other countries totalled $67.4bn. This figure includes rough diamonds directly exported from Botswana by Debswana.&lt;/p&gt;

&lt;p&gt;Records show that these companies pay an average of $519/ carat for rough stones that are then re-exported at $1,644/carat – a 216% increase in value.&lt;/p&gt;

&lt;p&gt;Sometimes the run-up is even bigger. Last year, 269 rough gem carats originating from Botswana were re-exported from Switzerland to Laos at $16.5m, or more than $61,000/carat. In 2016, Swiss freeports exported parcels worth $118m to the US, averaging $84,000/carat. An analysis of this official inter-government data shows that by the time the rough diamonds left Switzerland for other countries, they had increased in value by $27.8bn.&lt;/p&gt;

&lt;p&gt;At least half of this multi- billion “re-export” trade in rough diamonds appears to be the same stones in different packages: subsidiaries of companies received and repackaged diamonds into new parcels with new invoices. The data shows that the rough diamonds were re-imported and re-exported between different jurisdictions, particularly tax havens, at increasingly higher values.&lt;/p&gt;

&lt;p&gt;Data analysis identified 17.1m carats of rough diamonds originating from Botswana from 2003 to 2012. When the stones left Botswana, they were valued at an average of $125.9/carat. When they were re-exported from foreign countries, they were valued at an average of $223.8/carat, for a total of more than $3.8bn over the period – a 77.6% increase in value.&lt;/p&gt;

&lt;p&gt;Diamonds exported directly to Belgium or India are likely to be cut and polished, thus legitimately increasing their value. But some&lt;/p&gt;

&lt;p&gt;companies ship stones through Swiss freeports where the average diamond imported from foreign countries other than Botswana is priced at more than $800/carat.&lt;/p&gt;

&lt;p&gt;Corporate secrecy laws prevent digging deeper into who is exporting the rough diamonds at what increases and why. For example, the average re-export value of all diamonds originating from Botswana in the same period is unknown.&lt;/p&gt;

&lt;p&gt;Companies sending or receiving diamonds from tax havens and freeports do not need to indicate Botswana as the country of origin. Nor is there any external authority that scrutinises imports and exports of rough diamonds. The data does not show the names of the subsidiaries or their parent companies. De Beers insists the methodology behind its valuation process is confidential.&lt;/p&gt;

&lt;p&gt;While they supply rough gems to their clients, what they do with their purchase is up to them. The company would not comment on how or whether prices of rough exported diamonds might change. One internal government report claims Botswana’s average diamond values – the prices allocated by De Beers – are “estimates” rather than reflections of true value.&lt;/p&gt;

&lt;p&gt;Botswana’s 15% share in De Beers, according to the company’s own report, was designed to ensure that while Debswana was, according to De Beers, a “minority acquiring shareholder … its diamond production is fully attributable to the De Beers Group,” meaning Botswana could not mine the diamonds without De Beers’ help. This potentially shifts Botswana’s leverage from a position of strength to one of dependence as De Beers finances half the government budget at a minimum.&lt;/p&gt;

&lt;p&gt;The government is losing significant tax revenues if the diamonds are being undervalued on export only to assume a higher value abroad. Given the advantageous terms under which it trades in Botswana’s mineral riches, it makes business sense for De Beers to donate funds to make donations to the country.&lt;/p&gt;

&lt;hr /&gt;

&lt;p&gt;&lt;em&gt;South African based Khadija Sharife is an award-winning investigative journalist, researcher and editor, and the director of PPLAAF&lt;/em&gt;&lt;/p&gt;</content><author><name>by Khadija Sharife -</name></author><category term="featured" /><summary type="html">Botswana, Africa’s GDP poster-child, is the world’s second-biggest diamond producer, from which it earns four-fifths of its national income. Heavily reliant on diamond exports, the country went into business with mining giant De Beers 50 years ago. In a New African exclusive, Khadija Sharife reveals that Botswana has been getting a raw deal from the arrangement.</summary><media:thumbnail xmlns:media="http://search.yahoo.com/mrss/" url="https://pplaaf.org/bots.jpg" /></entry></feed>