<?xml version="1.0" encoding="utf-8"?><feed xmlns="http://www.w3.org/2005/Atom" ><generator uri="http://jekyllrb.com" version="3.4.2">Jekyll</generator><link href="https://pplaaf.org/feed.xml" rel="self" type="application/atom+xml" /><link href="https://pplaaf.org/" rel="alternate" type="text/html" /><updated>2017-08-10T14:00:41+02:00</updated><id>https://pplaaf.org/</id><title type="html">Plateforme de Protection des Lanceurs d’Alerte en Afrique</title><entry><title type="html">The woman who blew the whistle</title><link href="https://pplaaf.org/2017/08/09/woman-who-blew-the-whistle.html" rel="alternate" type="text/html" title="The woman who blew the whistle" /><published>2017-08-09T00:00:00+02:00</published><updated>2017-08-09T00:00:00+02:00</updated><id>https://pplaaf.org/2017/08/09/woman-who-blew-the-whistle</id><content type="html" xml:base="https://pplaaf.org/2017/08/09/woman-who-blew-the-whistle.html">&lt;!-- 
 &lt;img class=&quot;img-responsive img-post center-block&quot; src=&quot;/img/posts/trillian.jpg&quot;&gt; 
 --&gt;
&lt;p&gt;&lt;br /&gt;
Two key pieces of the state capture puzzle fell into place in late 2016.&lt;/p&gt;

&lt;p&gt;The first, an affidavit from then-deputy finance minister Mcebisi Jonas described how the Guptas allegedly offered him R600-million and the position of finance minister should he work with them.&lt;/p&gt;

&lt;p&gt;The second was a statement from a former chief executive of a division of Gupta-linked consultancy group Trillian. She described how Trillian shareholders were allegedly warned in advance that Nhlanhla Nene would be fired as finance minister and how Trillian planned to exploit access to the national treasury under his replacement, Des van Rooyen.&lt;/p&gt;

&lt;p&gt;Both statements, given to then-public protector Thuli Madonsela as part of her state capture investigation, painted a damning picture of how the Guptas and their associates allegedly planned to raid the public purse.&lt;/p&gt;

&lt;p&gt;“I never thought my journey would be political,” said the woman who blew the whistle on what has become known as Nenegate. “I’m a financier, I’m in no ways political… I never wanted to be in the public domain.”&lt;/p&gt;

&lt;p&gt;The executive-turned-whistleblower spoke alongside Madonsela at a closed media briefing on the sidelines of the Democracy Defenders Dialogue, held at the Wits School of Governance last week. She remains unnamed in most media reports due to an order by the Commission for Conciliation, Mediation and Arbitration (CCMA), where she is challenging her exit from Trillian.&lt;/p&gt;

&lt;p&gt;“It took me two months to make that decision [to approach Madonsela] because I thought somebody else is going to tell her.” Turning to Madonsela, she said: “When I saw the article that you had asked for an additional R3-million [for your investigation] and you got R1.5-million, I said, ‘but I can help you for nothing’.”&lt;/p&gt;

&lt;p&gt;She resigned as chief executive of Trillian Financial Advisory in June 2016 after just six months in the job.&lt;/p&gt;

&lt;p&gt;In her 35-page statement to the public protector, entitled “Why I left Trillian”, the former executive said she had, in part, resigned because of “the plethora of unreasonable, unethical, dishonest and possibly unlawful instructions” she was given by senior management at Trillian.&lt;/p&gt;

&lt;p&gt;“We were supposed to obey, do as we were told and take the fiduciary risk. The only thing I was supposed to be was black and a woman,” she told amaBhungane.&lt;/p&gt;

&lt;p&gt;At the time she approached the public protector she had already approached the CCMA seeking a severance package from Trillian – a fact that Trillian has seized on to question her motives.&lt;/p&gt;

&lt;p&gt;The former executive says that the first time she started to connect the dots was when amaBhungane published “The Gupta-owned state entities”, showing the numerous links between the Guptas, their lieutenant Salim Essa and several board members of Eskom and Transnet. Essa was Trillian’s majority shareholder.&lt;/p&gt;

&lt;p&gt;“There [in the story] are the people that I work with on a daily basis and I realised I joined something I had not signed on for. The excitement of being a legitimate black business I think had been perverted by what we saw and it was intolerable,” she said.&lt;/p&gt;

&lt;p&gt;“But another thing that made me go, in March 2016 while at Trillian … I was told by a colleague that Pravin was going to be fired, that there was going to be another change in the finance minister… So when the 27 questions came and the fraud charges were instigated … [I thought how can I] essentially allow another finance minister to be fired for no reason?” she said.&lt;/p&gt;

&lt;p&gt;“I just blithely thought I have to do the right thing and go to Mandonsela… And I was hoping that my statement would be dealt with and I would go back to my normal life.”&lt;/p&gt;

&lt;p&gt;After portions of her confidential submission were leaked, her normal life disintegrated.&lt;/p&gt;

&lt;p&gt;“I don’t know who decided that I’m going to be collateral damage,” she said, struggling to keep her composure. “So my statement… [became] front page Sunday Times.”&lt;/p&gt;

&lt;p&gt;It was published under the headline “The dark heart of state capture” on 23 October 2016.&lt;/p&gt;

&lt;p&gt;Within days Trillian’s then-chairman, Tokyo Sexwale, announced a wide-ranging internal probe into the former executive’s allegations, led by Advocate Geoff Budlender.&lt;/p&gt;

&lt;p&gt;Trillian’s executive team, led by Eric Wood, released its own statement calling her statement “questionable” and “inaccurate”. It also said that “fraud related criminal charges are in the process of being laid”.&lt;/p&gt;

&lt;p&gt;In short order Wood opened a criminal case against her.&lt;/p&gt;

&lt;p&gt;The criminal case pushback
AmaBhungane has seen an unsigned version of Wood’s affidavit in which he accuses her of, among other things, extortion (for seeking a 24 month severance package from Trillian), cybercrimes (for forwarding an Eskom proof of payment to her private email account), and obstruction of justice (for denying that she had any confidential company information in her possession).&lt;/p&gt;

&lt;p&gt;“The charges came fast and furious… I had a sign-on bonus which they wanted back because I was supposed to be there for two years and I could not stay there for two years … and then came the nine criminal charges – extortion, fraud, corruption, conspiracy, theft of information, cyber crime, criminal defamation. I think the only thing I was not charged with was running a brothel,” she said.&lt;/p&gt;

&lt;p&gt;Trillian maintains that the former executive is not a whistleblower but “a former employee of Trillian, who, after having failed to secure payment to her of an astronomical sum has embarked upon a sustained campaign against Trillian… Her adopting the mantle of whistle-blower has been the foundation stone of that campaign,” Trillian said in a written response to amaBhungane.&lt;/p&gt;

&lt;p&gt;“Trillian is entitled to enforce its rights, it cannot understand why it is being vilified for doing so.”&lt;/p&gt;

&lt;p&gt;Others see it differently. After the former executive’s case became public, the Legal Resources Centre agreed to cover half of her legal bill, which stood in the region of R1.3-million. When Edward Snowden’s advocate, William Bourdon, launched the non-profit PPLAAF (translated from French, the Platform for the Protection of Whistleblowers in Africa), they took over her legal defence in full.&lt;/p&gt;

&lt;p&gt;“You can be sure if needed we will mobilise the best of the prominent leaders of international civil society to ensure that if needed you will have here a very solid shield,” Bourdon assured the former executive. “It will not solve all your issues but to shield you, you will have it… We expect from Trillian to present apologies to you for the defamation and to retract their awful statement, this will be a first step to restore your honour… It will encourage other whistleblowers in Trillian and other companies to act [to protect] democracy.”&lt;/p&gt;

&lt;p&gt;Trillian says it stands by all the statements it has made and will not be issuing any apology.&lt;/p&gt;

&lt;p&gt;During the public panel discussion at the Wits event both Madonsela and former finance minister Pravin Gordhan spoke about the dangers of state institutions, such as the police, Hawks and the National Prosecuting Authority, being used against those who expose wrongdoing.&lt;/p&gt;

&lt;p&gt;“The issue of repurposing of state institutions – that’s a fact. [These institutions] are busy, but they’re busy persecuting the people who are standing against state capture,” Madonsela warned. “At the end of the day crime is expanding in South Africa, intelligence is pathetic because people are busy writing shoddy intelligence reports about people standing in the way of state capture, and so no one is really minding the business they were designed for.”&lt;/p&gt;

&lt;p&gt;The former executive said she felt her case had been prioritised by the police not because of what she is alleged to have done but who she had implicated.&lt;/p&gt;

&lt;p&gt;“Trillian laid the charge in November, two weeks later I got a call from a constable. He had the audacity to tell me [that] given who these people are that have charged me and the political climate, he has to be seen to deal with my case in an expeditious way,” she said.&lt;/p&gt;

&lt;p&gt;Questions sent to the police went unanswered, but the NPA confirmed on Friday that the police had handed the case to it for a decision on whether to prosecute.&lt;/p&gt;

&lt;p&gt;“The NPA can confirm that it received the matter and the advocate dealing with it is yet to make a decision as there are pending investigations,” NPA Gauteng spokesperson Phindi Mjonondwane said. “The NPA deals with merits in every case and the decision is therefore guided by the facts at hand, not who is involved.”&lt;/p&gt;

&lt;p&gt;“I was vindicated”
While the judicial commission of inquiry into state capture ordered by Madonsela remains elusive, the investigation initiated by Sexwale has gone some way towards vindicating the former executive.&lt;/p&gt;

&lt;p&gt;“Initially I was very sceptical – how does Trillian investigate Trillian? But then I started seeing Budlender’s profile and … I saw him with Sassa at the Constitutional Court representing the Black Sash. I said ‘I think I can speak to this guy, he has integrity,’” she said.&lt;/p&gt;

&lt;p&gt;Although Trillian executives reneged on their promise to co-operate fully with the investigation, Budlender produced a damning report confirming some of the allegations made in the former executive’s statement, while recommending that the rest be investigated as part of a judicial commission.&lt;/p&gt;

&lt;p&gt;“The conduct of Trillian Management in this inquiry has left me with the impression that what it says cannot be trusted,” Budlender’s report reads. “By contrast the [former executive] struck me as a straightforward person, who was anxious to make full information available to the inquiry. She answered directly any questions which were put to her, and immediately provided me with any documents to the extent that she could.”&lt;/p&gt;

&lt;p&gt;“I think I was vindicated. I actually called Tokyo Sexwale and said, ‘Thank you very much for allowing this process to happen so transparently,’” the former executive said.&lt;/p&gt;

&lt;p&gt;Questions are now also being asked by Parliament about the hundreds of millions Trillian received from Eskom without a valid contract – one of the key allegations that the former executive made.&lt;/p&gt;

&lt;p&gt;For almost a year Eskom repeatedly denied that Trillian had undertaken any work at Eskom or been paid a cent.&lt;/p&gt;

&lt;p&gt;However, in the affidavit that Wood filed against the former executive he attached an email to bolster his claim she had contravened the Electronic Communications and Transactions Act by forwarding a proof of payment from Eskom to her private email.&lt;/p&gt;

&lt;p&gt;By doing so, Wood also inadvertently disclosed that both minister Lynne Brown and Eskom had lied or seriously misled Parliament and the public about its dealings with Trillian.&lt;/p&gt;

&lt;p&gt;Last month Eskom finally admitted it had paid Trillian R495-million for financial advisory and management consulting services. Eskom has since launched its own internal investigation into the contract, but Trillian’s contracts, or lack thereof, are also likely to be ventilated in Parliament’s inquiry into Eskom.&lt;/p&gt;

&lt;p&gt;“Should they require my assistance, or should any legitimate constitutional body require me to give evidence, I will assist,” the former executive said.&lt;/p&gt;

&lt;p&gt;“We need McKinsey whistleblowers, we need SAP whistleblowers, we need Trillian whistleblowers – there are only [a few] of us but many people know more. And we need institutions to support us. People say, you haven’t worked for over a year, how do you survive? …&lt;/p&gt;

&lt;p&gt;“I’m not married, and luckily I don’t have kids so my mouth is mine to feed alone. We need to get together as citizens, we can’t be tweeting and acting that we’re outraged by what’s happening. We need to be uncomfortable, we need to sacrifice, this country’s worth it.&lt;/p&gt;

&lt;p&gt;“[Pravin Gordhan] said when he was being charged, he said he’s willing to die for this country, and we have to be as militant as that. This is our country, we can’t go anywhere else. We can’t go to London or Perth. And if you can’t fight for it, and make some sacrifices, who is going to…&lt;/p&gt;

&lt;p&gt;“People always ask me, ‘Will you do it again?’ I say, ‘Yes, I will do it again.’ I didn’t appreciate how my life would change but South Africa’s worth it.&lt;/p&gt;

&lt;p&gt;&lt;br /&gt;
&lt;br /&gt;
&lt;br /&gt;&lt;/p&gt;

&lt;hr /&gt;

&lt;h3 id=&quot;to-follow-pplaaf-follow-its-profiles&quot;&gt;To follow PPLAAF, follow its profiles:&lt;/h3&gt;
&lt;ul&gt;
  &lt;li&gt;Facebook: &lt;a href=&quot;https://www.facebook.com/PPLAAF/&quot;&gt;https://www.facebook.com/PPLAAF/&lt;/a&gt;&lt;/li&gt;
  &lt;li&gt;Twitter: &lt;a href=&quot;https://twitter.com/pplaaf&quot;&gt;@pplaaf&lt;/a&gt;&lt;/li&gt;
&lt;/ul&gt;

&lt;h3 id=&quot;for-further-information-please-contact&quot;&gt;For further information, please contact:&lt;/h3&gt;
&lt;ul&gt;
  &lt;li&gt;In Paris, William Bourdon (French, English): &lt;a href=&quot;mailto:w.bourdon@bourdon-associes.com&quot;&gt;w.bourdon@bourdon-associes.com&lt;/a&gt; or + 33 1 42 60 32 60&lt;/li&gt;
  &lt;li&gt;In Paris, Henri Thulliez (French, English): &lt;a href=&quot;mailto:henri.thulliez@gmail.com&quot;&gt;henri.thulliez@gmail.com&lt;/a&gt; or + 33 6 98 04 66 72&lt;/li&gt;
  &lt;li&gt;In Johannesburg, Khadija Sharife (English): &lt;a href=&quot;mailto:ksharife@gmail.com&quot;&gt;ksharife@gmail.com&lt;/a&gt; or + 27 (71) 688 62 76&lt;/li&gt;
&lt;/ul&gt;

&lt;hr /&gt;</content><author><name></name></author><category term="featured" /><summary type="html">Through leaks, whistleblowers and damning reports we have come to understand the degree to which the state has been captured. This article profiles the courageous former chief executive of a division of a Gupta-linked company who blew the whistle on Nenegate.</summary><media:thumbnail xmlns:media="http://search.yahoo.com/mrss/" url="https://pplaaf.org/trillian.jpg" /></entry><entry><title type="html">Democracy Defenders Dialogue</title><link href="https://pplaaf.org/2017/08/05/democracy-defenders-dialogue.html" rel="alternate" type="text/html" title="Democracy Defenders Dialogue" /><published>2017-08-05T00:00:00+02:00</published><updated>2017-08-05T00:00:00+02:00</updated><id>https://pplaaf.org/2017/08/05/democracy-defenders-dialogue</id><content type="html" xml:base="https://pplaaf.org/2017/08/05/democracy-defenders-dialogue.html">&lt;p&gt;&lt;img class=&quot;img-responsive img-post center-block&quot; src=&quot;/img/posts/democracy-defenders.jpg&quot; title=&quot;©Oscar-Gutierrez - oscargutierrez.com&quot; /&gt;&lt;/p&gt;

&lt;p&gt;&lt;br /&gt;
&lt;a href=&quot;http://democracyworks.org.za/&quot;&gt;Democracy Works Foundation&lt;/a&gt; (DWF), Platform for the Protection of Whistleblowers (PPLAAF), &lt;a href=&quot;https://www.wits.ac.za/wsg/&quot;&gt;Wits School of Governance&lt;/a&gt; (WSG) and &lt;a href=&quot;https://www.blsa.org.za/&quot;&gt;Business Leadership South Africa&lt;/a&gt; (BLSA) hosted a public dialogue centering on the theme of Democracy Defenders. The event on 31 July was held at the Donald Gordon Auditorium and comprised a panel of legal, political and intellectual heavyweights including former South African Public Protector, Thuli Madonsela; renowned whistleblower advocate and lawyer to Edward Snowden, William Bourdon, William Gumede, Executive Chairperson of DWF and moderated by Thandiwe Matthews. Book-ending the event was critical reflections by Wits Vice-Chancellor, Adam Habib and former Finance Minister, Pravin Gordhan.&lt;/p&gt;

&lt;p&gt;The packed venue held a diverse crowd with a number of notable personages attending, amongst which were ambassadors, leaders of two opposition parties, academics, businesspeople, NGO leaders, students and a large contingent of media. The event was broadcast live on eNCA, attracting a vibrant and trending Twitter debate, with hosts Democracy Works live streaming it on their Facebook page to include international and online audiences in the dialogue.&lt;/p&gt;

&lt;p&gt;No discussion on whistleblowing can take place without what most disclosures are about – corruption. Panellists in turn linked corruption to the re-purposing of state institutions being used to facilitate or cover up corruption. Gumede set out the backdrop against which grand corruption thrives and the undermining of democratic institutions. Worryingly, this is often cloaked in populist slogans, promising radical solutions to the dire economic conditions in which so many people still live. The panel were in unison that championing formal democracy without ensuring social justice was unlikely to satisfy the many needs of citizens in whose democracy, arguably, had not made much of a material difference.&lt;/p&gt;

&lt;p&gt;Nevertheless, panellists sounded a warning that the present recourse to populism in South Africa, embodied in promises of instant radical transformation or countering ‘white monopoly capital’, were but cynical attempts at the enrichment of what Prof. Habib termed “racial entrepreneurs”. Prof. Gumede reflected on the conundrum in which black progressives sometimes found themselves. In opposing the corruption, they were sometimes accused of siding with established white interests. Ways had to be found to challenge this populist and self-serving narrative while also acknowledging the need for fundamental change in society. Professor Habib and Pravin Gordhan also reflected upon the intolerant closing down on the spaces of debate caused by groups and individuals essentially on the payroll of those involved in state capture.&lt;/p&gt;

&lt;p&gt;The conversation then turned to whistleblowing. Bourdon proposed that whistleblowing would turn out to be a defining aspect of politics in the 21st century. With governments increasingly disconnected from the people and, as Madonsela argued, electoral consent increasingly simply ‘manufactured’, whistleblowers constituted a force uniquely capable of exposing the rot. He mentioned that the systemic techniques used to siphon and move illicit monies from South Africa by those that “captured the state” were the very same used by those financing terrorism and criminality. The support for whistleblowers and those investigating leaks had to develop to keep pace with the threat. Bourdon and Madonsela dwelt on the attacks whistleblowers faced from frivolous legal processes, career blacklisting, gaps in statutory protections and poor enforcement of laws, to the psychological strain and physical threats whistleblowers live under.&lt;/p&gt;

&lt;p&gt;He mentioned that the systemic techniques used to siphon and move illicit monies from South Africa by those that “captured the state” were the very same used by those financing terrorism and criminality. The support for whistleblowers and those investigating leaks had to develop to keep pace with the threat. Bourdon and Madonsela dwelt on the attacks whistleblowers faced from frivolous legal processes, career blacklisting, gaps in statutory protections and poor enforcement of laws, to the psychological strain and physical threats whistleblowers live under.&lt;/p&gt;

&lt;p&gt;Madonsela gave general examples of the impact on whistleblowers of legal attacks they faced after exposing corruption in the workplace and identified this as a particular disincentive to whistleblowers. Bourdon answered recommending the globalisation of whistleblower protections, including legal and financial support. He pledged PPLAAF’s commitment to partnering with local lawyers, journalists and NGOs in supporting those who were brave enough to speak out. But, he warned, protection of whistleblowers was only half the job. Vigorous, multi-jurisdictional efforts were needed to pursue the wrongdoers, ensuring criminal accountability and civil recovery of stolen monies.&lt;/p&gt;

&lt;p&gt;The conversation returned to the South African political situation in Gordhan’s characteristically solid closing remarks. He called for every citizen to become involved in the fight against corruption. He lamented the fact that institutions that typically took 20 years to build up could be destroyed in less than 6 months under the corrosive effects of corruption. He reaffirmed that, in his view, the ‘good guys’ still outnumbered the ‘bad’ but it was necessary to act in concert to prevent the collapse of democracy.&lt;/p&gt;

&lt;p&gt;Questions from the floor included a plea for advice from an aspiring civil servant on how to be an ethical employee one day. Dale McKinley from the Right2Know posed a harder question. He stated that while many in the ANC like Pravin Gordhan or Trevor Manuel were now champions of transparency and debate, when in the ANC leadership they were themselves party to clamping down on dissent. McKinley mentioned that he himself had been expelled from Alliance structures for questioning the economic orthodoxy of GEAR which is today widely seen to have been a failure.&lt;/p&gt;

&lt;p&gt;The reply from Gordhan was that leadership was complex and people had made some mistakes in the past. However, it was important also to acknowledge the successes. It was important to now look forward to confronting present challenges openly and honestly because the time we lived in was a critical one. The time for sitting on the fence was over. Democracy required the active supporting of all measures to opposing corruption, including whistleblower support such as that undertaken by PPLAAF. By civil society and progressive business, under new and dynamic leadership in BLSA, banding together, his message was that the good guys still had a good chance of winning.&lt;/p&gt;

&lt;p&gt;The reply from Gordhan was that leadership was complex and people had made some mistakes in the past. However, it was important also to acknowledge the successes. It was important to now look forward to confronting present challenges openly and honestly because the time we lived in was a critical one. The time for sitting on the fence was over. Democracy required the active supporting of all measures to opposing corruption, including whistleblower support such as that undertaken by PPLAAF. By civil society and progressive business, under new and dynamic leadership in BLSA, banding together, his message was that the good guys still had a good chance of winning.&lt;/p&gt;

&lt;p&gt;Mosilo Mothepu, a whistleblower supported by PPLAAF, had a closed briefing with selected journalists and NGOs where she discussed in pained detail her experiences as a whistleblower. Flanked on either side were Madonsela and Bourdon. The session was designed to provide a controlled environment effecting a safe space for vulnerable whistleblowers.&lt;/p&gt;

&lt;p&gt;The event provided a critical platform and space for defenders of democracy, democratic institutions and ordinary South Africans to engage and discuss how to forge a new path toward a South Africa and world where transparency, freedom of speech, protection and support of democracy defenders and the rule of law are held in the highest regard.&lt;/p&gt;

&lt;p&gt;&lt;br /&gt;
&lt;br /&gt;&lt;/p&gt;

&lt;p&gt;This article first appeared as &lt;a href=&quot;http://democracyworks.org.za/democracy-defenders-dialogue/&quot; target=&quot;_blank&quot;&gt;Democracy Defenders Dialogue - August 3, 2017&lt;/a&gt; on the Democracy Works Foundation website
&lt;br /&gt;
&lt;br /&gt;
&lt;br /&gt;&lt;/p&gt;

&lt;hr /&gt;
&lt;p&gt;The live event was recorded and available &lt;a href=&quot;https://www.enca.com/south-africa/catch-it-live-trillian-deal-whistleblower-to-speak-at-democracy-defenders-dialogue&quot;&gt;via eNCA&lt;/a&gt;. That live recording can also be viewed in the embedded video below.
&lt;br /&gt;
&lt;br /&gt;&lt;/p&gt;
&lt;iframe src=&quot;https://cdnapisec.kaltura.com/p/1054541/sp/105454100/embedIframeJs/uiconf_id/28184731/partner_id/1054541?iframeembed=true&amp;amp;playerId=kaltura_player_1501521654&amp;amp;entry_id=1_81y2lbvi&amp;amp;flashvars[streamerType]=auto&quot; width=&quot;560&quot; height=&quot;395&quot; allowfullscreen=&quot;&quot; webkitallowfullscreen=&quot;&quot; mozallowfullscreen=&quot;&quot; frameborder=&quot;0&quot;&gt;&lt;/iframe&gt;
&lt;p&gt;&lt;br /&gt;
&lt;br /&gt;
&lt;br /&gt;&lt;/p&gt;

&lt;hr /&gt;

&lt;h3 id=&quot;to-follow-pplaaf-follow-its-profiles&quot;&gt;To follow PPLAAF, follow its profiles:&lt;/h3&gt;
&lt;ul&gt;
  &lt;li&gt;Facebook: &lt;a href=&quot;https://www.facebook.com/PPLAAF/&quot;&gt;https://www.facebook.com/PPLAAF/&lt;/a&gt;&lt;/li&gt;
  &lt;li&gt;Twitter: &lt;a href=&quot;https://twitter.com/pplaaf&quot;&gt;@pplaaf&lt;/a&gt;&lt;/li&gt;
&lt;/ul&gt;

&lt;h3 id=&quot;for-further-information-please-contact&quot;&gt;For further information, please contact:&lt;/h3&gt;
&lt;ul&gt;
  &lt;li&gt;In Paris, William Bourdon (French, English): &lt;a href=&quot;mailto:w.bourdon@bourdon-associes.com&quot;&gt;w.bourdon@bourdon-associes.com&lt;/a&gt; or + 33 1 42 60 32 60&lt;/li&gt;
  &lt;li&gt;In Paris, Henri Thulliez (French, English): &lt;a href=&quot;mailto:henri.thulliez@gmail.com&quot;&gt;henri.thulliez@gmail.com&lt;/a&gt; or + 33 6 98 04 66 72&lt;/li&gt;
  &lt;li&gt;In Johannesburg, Khadija Sharife (English): &lt;a href=&quot;mailto:ksharife@gmail.com&quot;&gt;ksharife@gmail.com&lt;/a&gt; or + 27 (71) 688 62 76&lt;/li&gt;
&lt;/ul&gt;

&lt;hr /&gt;</content><author><name></name></author><category term="featured" /><summary type="html">Democracy Works Foundation (DWF), PPLAAF, Wits School of Governance (WSG) and Business Leadership South Africa (BLSA) hosted a public dialogue centering on the theme of Democracy Defenders</summary><media:thumbnail xmlns:media="http://search.yahoo.com/mrss/" url="https://pplaaf.org/democracy-defenders.jpg" /></entry><entry><title type="html">RDC: Nouvelles révélations sur des sociétés appartenant à des proches de Kabila</title><link href="https://pplaaf.org/fr/2017/07/12/rdc-Nouvelles-revelations.html" rel="alternate" type="text/html" title="RDC&amp;#58; Nouvelles révélations sur des sociétés appartenant à des proches de Kabila" /><published>2017-07-12T00:00:00+02:00</published><updated>2017-07-12T00:00:00+02:00</updated><id>https://pplaaf.org/fr/2017/07/12/rdc-Nouvelles-revelations</id><content type="html" xml:base="https://pplaaf.org/fr/2017/07/12/rdc-Nouvelles-revelations.html">&lt;p&gt;&lt;img class=&quot;img-responsive img-post center-block&quot; src=&quot;/img/posts/lumumba-l.jpg&quot; /&gt;&lt;/p&gt;

&lt;p&gt;&lt;br /&gt;
(Paris, le 12 juillet 2017) – Les révélations exclusives sur des sociétés congolaises proches du chef de l’Etat publiées par &lt;a href=&quot;http://www.lemonde.fr/afrique/article/2017/07/11/le-mysterieux-yacht-de-luxe-des-partenaires-d-affaires-du-president-kabila_5159113_3212.html&quot;&gt;Le Monde&lt;/a&gt; à la suite d’une enquête de plusieurs mois réalisée par PPLAAF, des journalistes de &lt;a href=&quot;https://www.occrp.org/en&quot;&gt;l’OCCRP&lt;/a&gt; et du Monde, n’ont été rendues possibles que grâce aux documents transmis à PPLAAF par un lanceur d’alerte, a déclaré &lt;a href=&quot;https://pplaaf.org/fr/&quot;&gt;PPLAAF&lt;/a&gt; (Plateforme de protection des lanceurs d’alerte en Afrique) aujourd’hui.&lt;/p&gt;

&lt;p&gt;Les enquêtes ont montré comment deux proches du chef de l’Etat et leurs sociétés ont permis l’acquisition, la transformation et l’exploitation commerciale d’un yacht de luxe, l’Enigma XK, aujourd’hui à quai au Cap, en Afrique du Sud. Ce bateau, un ancien navire de la Marine écossaise, a été rénové au port de la Rochelle entre 2011 et 2014 et a la particularité de pouvoir naviguer sur tous les océans. Mesurant 72 mètres, équipé entre autres d’un héliport, il peut être loué à 275.000 euros la semaine et accueillir à son bord 12 convives. Le navire bat un pavillon des Iles Marshall et est géré par MW Marine MGT, une société immatriculée dans ces îles caribéennes. Il appartient, via la société MW Afritec SA, à deux ressortissants belgo-congolais : Alain Wan et Marc Piedboeuf, deux personnes proches du chef de l’Etat Joseph Kabila.&lt;/p&gt;

&lt;p&gt;A la tête d’une société congolaise spécialisée dans la construction, le fret routier et maritime, MW Afritec SPRL, Ms Wan et Piedboeuf siègent également au Conseil d’administration de l’Entreprise générale d’alimentation (EGAL), aux côtés d’Albert Yuma, président de la Gécamines, de la société spécialisée dans la livraison de tenues militaires Texico et de la Fédérations des entreprise congolaises (FEC). EGAL, qui a reçu un prêt particulièrement suspect et jamais remboursé de 42 millions de dollars de la Banque centrale de la République démocratique du Congo, entretient des activités avec des sociétés basées notamment en Namibie, aux Iles Féroé et à Hong-Kong. Alain Wain et/ou Marc Piedboeuf siègent au Conseil d’administration de chacune d’entre elles auxquelles EGAL verse des millions de dollars.&lt;/p&gt;

&lt;p&gt;&lt;em&gt;« C’est grâce à des relevés de comptes bancaires logés à la BGFI en République démocratique du Congo que les fils ont pu être tirés permettant de mettre à jour ce vaste système frauduleux », a déclaré &lt;a href=&quot;https://bourdon-associes.com/william-bourdon/&quot;&gt;William Bourdon&lt;/a&gt;, président de PPLAAF. « En décidant de transmettre ses documents à PPLAAF, l’ancien banquier &lt;a href=&quot;https://pplaaf.org/fr/jean-jacques-lumumba.html&quot;&gt;Jean-Jacques Lumumba&lt;/a&gt; devenu lanceur d’alerte, a voulu, courageusement, mettre au jour ce qui apparait être une entreprise prédation des ressources par la clan présidentiel congolais ».&lt;/em&gt;&lt;/p&gt;

&lt;p&gt;Les enquêtes menées par PPLAAF, Le Monde et des journalistes d’OCCRP ont également permis de montrer qu’outre du poisson surgelé, les navires d’EGAL battant pavillon des Iles Féroé, transportaient des animaux sauvages achetés en Namibie pour être livrés à la Ferme Espoir, en République démocratique du Congo. La Ferme Espoir est une société congolaise gérée par Marc Piedboeuf et appartenant au président Kabila. La société possède plusieurs terrains, notamment sur l’Ile de Matéba située sur le fleuve Congo et achetée par le président Kabila à Marc Piedboeuf et Alain Wan.&lt;/p&gt;

&lt;p&gt;PPLAAF travaille sur les documents bancaires transmis par &lt;a href=&quot;https://pplaaf.org/fr/jean-jacques-lumumba.html&quot;&gt;Jean-Jacques Lumumba&lt;/a&gt; depuis plusieurs mois. Jean-Jacques Lumumba est un ancien employé de filiale congolaise de la banque gabonaise, la BGFI. Cette filiale est détenue à 40% par Gloria, la sœur du chef de l’Etat, et est dirigée par Francis Selemani Mtwale, le frère adoptif de Joseph Kabila. Après avoir signalé à son directeur l’existence d’opérations financières douteuses réalisées au sein de la banque au printemps 2016, ce dernier le menaça en laissant entrevoir une arme à feu dissimulée sous sa veste. Jean-Jacques Lumumba n’a eu d’autre choix que de quitter son pays et demander l’asile politique en France.&lt;/p&gt;

&lt;p&gt;Tout en enquêtant sur les documents transmis par Jean-Jacques Lumumba, PPLAAF assure la protection juridique du lanceur d’alerte congolais et a engagé des avocats pour défendre ses intérêts.&lt;/p&gt;

&lt;p&gt;PPLAAF publie le même jour un &lt;a href=&quot;https://pplaaf.org/fr/drc.html&quot;&gt;rapport&lt;/a&gt; s’inquiétant du droit en vigueur en République démocratique du Congo sur la protection des lanceurs d’alerte qui y est quasiment inexistante. Les protections offertes aux lanceurs d’alerte sont limitées aux représailles liées au licenciement professionnel dont ils pourraient faire l’objet. La liberté des médias, tout en étant garanti par la Constitution, est très limitée dans la pratique. Les journalistes subissent des menaces, des actes d’intimidation, de la violence et des arrestations. En outre, un climat de peur répandu limite la possibilité pour les citoyens et les médias à s’exprimer contre les mauvaises actions, en particulier celles de l’État.&lt;/p&gt;

&lt;p&gt;_« L’exemple de Jean Jacques Lumumba nous rappelle le rôle clef des lanceurs d’alerte pour prouver les graves entorses à la loi ou à l’intérêt général par ceux qui devraient en être protecteurs », a déclaré William Bourdon. « Ils sont les sentinelles de la démocratie et personnalisent cette universalisation de l’intolérance vis-à-vis de ces responsables qui usent de leurs pouvoirs pour leurs intérêts privés. PPLAAF a été créée dans le but de les appuyer et de les protéger contre toute forme de représailles ». _&lt;/p&gt;

&lt;p&gt;&lt;a href=&quot;https://pplaaf.org/fr/faq.html&quot;&gt;PPLAAF&lt;/a&gt; est une organisation non gouvernementale sénégalaise créée en mars 2017 proposant un spectre entier de solutions pour pourvoir aux différents besoins des lanceurs d’alerte : encryptage d’un bout à l’autre de la communication, soutien juridique gratuit en conseils ou en représentation légale contre des employeurs ou autre, assistance continue pour protéger le lanceur d’alerte dans la divulgation de l’information au public, développement de législations protégeant les lanceurs d’alerte.&lt;/p&gt;

&lt;h3 id=&quot;pour-plus-dinformations-sur-les-enquêtes-réalisées-veuillez-consulter-&quot;&gt;Pour plus d’informations sur les enquêtes réalisées, veuillez consulter :&lt;/h3&gt;
&lt;ul&gt;
  &lt;li&gt;&lt;a href=&quot;http://lumumbapapers.info/ &quot;&gt;http://lumumbapapers.info/ &lt;/a&gt;&lt;/li&gt;
  &lt;li&gt;&lt;a href=&quot;http://www.lemonde.fr/afrique/article/2017/07/11/le-mysterieux-yacht-de-luxe-des-partenaires-d-affaires-du-president-kabila_5159113_3212.html&quot;&gt;Article du Monde&lt;/a&gt;&lt;/li&gt;
&lt;/ul&gt;

&lt;h3 id=&quot;pour-plus-dinformations-sur-pplaaf-veuillez-consulter-&quot;&gt;Pour plus d’informations sur PPLAAF, veuillez consulter :&lt;/h3&gt;
&lt;ul&gt;
  &lt;li&gt;https://pplaaf.org&lt;/li&gt;
&lt;/ul&gt;

&lt;h3 id=&quot;pour-suivre-pplaaf-suivez-ses-profils-&quot;&gt;Pour suivre PPLAAF, suivez ses profils :&lt;/h3&gt;
&lt;ul&gt;
  &lt;li&gt;Facebook: &lt;a href=&quot;https://www.facebook.com/PPLAAF/&quot;&gt;https://www.facebook.com/PPLAAF/&lt;/a&gt;&lt;/li&gt;
  &lt;li&gt;Twitter: &lt;a href=&quot;https://twitter.com/pplaaf&quot;&gt;@pplaaf&lt;/a&gt;&lt;/li&gt;
&lt;/ul&gt;

&lt;h3 id=&quot;pour-plus-dinformations-veuillez-contacter-&quot;&gt;Pour plus d’informations, veuillez contacter :&lt;/h3&gt;
&lt;ul&gt;
  &lt;li&gt;A Paris, William Bourdon (français, anglais) : &lt;a href=&quot;mailto:w.bourdon@bourdon-associes.com&quot;&gt;w.bourdon@bourdon-associes.com&lt;/a&gt; ou + 33 1 42 60 32 60&lt;/li&gt;
  &lt;li&gt;A Johannesburg, Khadija Sharife (anglais) : &lt;a href=&quot;mailto:ksharife@gmail.com&quot;&gt;ksharife@gmail.com&lt;/a&gt; ou + 27 (71) 688 62 76&lt;/li&gt;
  &lt;li&gt;A Paris, Henri Thulliez (français, anglais) : &lt;a href=&quot;mailto:henri.thulliez@gmail.com&quot;&gt;henri.thulliez@gmail.com&lt;/a&gt; ou + 33 6 98 04 66 72&lt;/li&gt;
&lt;/ul&gt;

&lt;hr /&gt;</content><author><name></name></author><category term="fr" /><category term="featured" /><summary type="html">RDC&amp;#58; Nouvelles révélations sur des sociétés appartenant à des proches de Kabila. Les enquêtes ont été menées grâce aux documents transmis à PPLAAF par un lanceur d’alerte</summary><media:thumbnail xmlns:media="http://search.yahoo.com/mrss/" url="https://pplaaf.org/lumumba.jpg" /></entry><entry><title type="html">DRC: New revelations concerning companies belonging to individuals close to Kabila</title><link href="https://pplaaf.org/2017/07/12/drc-new-revelations.html" rel="alternate" type="text/html" title="DRC&amp;#58; New revelations concerning companies belonging to individuals close to Kabila" /><published>2017-07-12T00:00:00+02:00</published><updated>2017-07-12T00:00:00+02:00</updated><id>https://pplaaf.org/2017/07/12/drc-new-revelations</id><content type="html" xml:base="https://pplaaf.org/2017/07/12/drc-new-revelations.html">&lt;p&gt;&lt;img class=&quot;img-responsive img-post center-block&quot; src=&quot;/img/posts/lumumba-l.jpg&quot; /&gt;&lt;/p&gt;

&lt;p&gt;&lt;br /&gt;
(Paris, 12 July 2017) – The exclusive revelations concerning Congolese companies close to the Head of State, published by Le Monde following an investigation lasting several months conducted by PPLAAF and journalists from &lt;a href=&quot;https://www.occrp.org/en&quot;&gt;OCCRP&lt;/a&gt; and &lt;a href=&quot;http://www.lemonde.fr/afrique/article/2017/07/11/le-mysterieux-yacht-de-luxe-des-partenaires-d-affaires-du-president-kabila_5159113_3212.html&quot;&gt;Le Monde&lt;/a&gt;, would have been impossible had it not been for the &lt;a href=&quot;http://lumumbapapers.info/&quot;&gt;documents&lt;/a&gt; sent to PPLAAF by a whistleblower, &lt;a href=&quot;https://pplaaf.org/jean-jacques-lumumba.html&quot;&gt;PPLAAF&lt;/a&gt; (Plateforme de protection des lanceurs d’alerte en Afrique - Platform to Protect Whistleblowers in Africa) announced today.&lt;/p&gt;

&lt;p&gt;The investigations showed how two individuals close to the Head of State and their companies were able to acquire, refit and commercially operate a luxury yacht, the Enigma XK, currently berthed in Cape Town, South Africa. A former Scottish navy vessel, it was refitted in the port of La Rochelle between 2011 and 2014 and is now an ocean-going yacht. 72 metres long and equipped with a helipad among many other facilities, it can be chartered for €275.000/week and accommodates 12 guests aboard. The vessel flies the flag of the Marshall Islands and is managed by MW Marine MGT, a company registered in these Caribbean islands. Via the company MW Afritec SA, it belongs to two Belgo-Congolese nationals: Alain Wan and Marc Piedboeuf, both close to the Head of State, Joseph Kabila.&lt;/p&gt;

&lt;p&gt;At the head of the Congolese company MW Afritec SPRL, specialised in construction, road and maritime freight, Messrs. Wan and Piedboeuf are also members of the Board of Directors of the Entreprise Générale d’Alimentation (EGAL) alongside Albert Yuma, CEO of Gécamines, a company specialised in delivery of Texico military uniforms/clothing and the Fédérations des Entreprises Congolaises (FEC). EGAL, which received a particularly suspicious and never reimbursed loan of 42 million dollars from the DRC Central Bank, maintains activities with companies based, in particular, in Namibia, the Faroe Islands and Hong Kong. Alain Wain and/or Marc Piedboeuf are members of the board of each one, to which EGAL pays millions of dollars.&lt;/p&gt;

&lt;p&gt;&lt;em&gt;“Thanks to bank statements originating from BGFI in the Democratic Republic of Congo, lines could be drawn making it possible to expose this vast fraudulent system,” stated &lt;a href=&quot;https://bourdon-associes.com/william-bourdon/&quot;&gt;William Bourdon&lt;/a&gt;, PPLAAF’s chairman. “In deciding to send his documents to PPLAAF, the former banker, &lt;a href=&quot;https://pplaaf.org/jean-jacques-lumumba.html&quot;&gt;Jean-Jacques Lumumba&lt;/a&gt;, now a whistleblower, very courageously wished to expose what appears to be an enterprise controlled by the Congolese presidential clan and solely focussed on the predation of resources.”&lt;/em&gt;&lt;/p&gt;

&lt;p&gt;The investigations conducted by PPLAAF, Le Monde and journalists from OCCRP also showed that, in addition to frozen fish, EGAL vessels flying the flag of the Faroe Islands carried wild animals purchased in Namibia for delivery to Ferme Espoir in the Democratic Republic of Congo. Ferme Espoir is a Congolese company managed by Marc Piedboeuf and owned by president Kabila. The company owns several plots of land, particularly on Mateba Island, located on the Congo River and purchased by president Kabila from Marc Piedboeuf and Alain Wan.&lt;/p&gt;

&lt;p&gt;PPLAAF has been examining the bank documents provided by &lt;a href=&quot;https://pplaaf.org/jean-jacques-lumumba.html&quot;&gt;Jean-Jacques Lumumba&lt;/a&gt; for several months. Jean-Jacques Lumumba is a former employee of the Congolese subsidiary of the Gabonese bank, BGFI. 40% of the shares in this subsidiary are held by Gloria, the Head of State’s sister and it is managed by Francis Selemani Mtwale, Joseph Kabila’s adopted brother. Having informed his manager of the existence of suspicious financial operations carried out by the bank in the spring of 2016, the latter threatened him, giving him a glimpse of a firearm hidden under his jacket. Jean-Jacques Lumumba had no other choice but to flee his country and apply for political asylum in France.&lt;/p&gt;

&lt;p&gt;While investigating the documents provided by Jean-Jacques Lumumba, PPLAAF ensures legal protection for the Congolese whistleblower and has hired lawyers to defend his interests.&lt;/p&gt;

&lt;p&gt;On the same day, PPLAAF publishes a &lt;a href=&quot;https://pplaaf.org/drc.html&quot;&gt;report&lt;/a&gt; expressing concerns about the law in force in the Democratic Republic of Congo relative to the protection of whistleblowers, which is practically nonexistent. Protection offered to whistleblowers is limited to reprisals in the form of dismissal to which they may be subject. Freedom of the media, although ensured by the Constitution, is very limited in practise. Journalists are subject to threats, acts of intimidation, violence and arrest. In addition, a widespread climate of fear limits the possibility of citizens and the media to speak out against evil deeds, particularly those of the State.&lt;/p&gt;

&lt;p&gt;“The example of Jean-Jacques Lumumba reminds us of the key role played by whistleblowers in proving serious violations of the law or public interest by those who should be protecting them,” declared William Bourdon. “They are the watchdogs of democracy and personalise this universalisation of intolerance with regard to these officials who make use of their powers to serve their private interests. PPLAAF was founded with the objective of supporting them and protecting them against all forms of reprisal.”&lt;/p&gt;

&lt;p&gt;&lt;a href=&quot;https://pplaaf.org/faq.html&quot;&gt;PPLAAF&lt;/a&gt; is a Senegalese non-governmental organisation, founded in March 2017 and proposing a full range of solutions to meet the different needs of whistleblowers: end-to-end encryption of communications, free legal assistance in the form of advice or legal representation against employers or in other matters, ongoing support to protect the whistleblower on disclosure of the information to the public, development of legislation protecting whistleblowers.&lt;/p&gt;

&lt;h3 id=&quot;for-further-information-on-the-investigations-conducted-please-consult&quot;&gt;For further information on the investigations conducted, please consult:&lt;/h3&gt;
&lt;ul&gt;
  &lt;li&gt;&lt;a href=&quot;http://lumumbapapers.info/&quot;&gt;http://lumumbapapers.info/&lt;/a&gt;&lt;/li&gt;
  &lt;li&gt;&lt;a href=&quot;http://www.lemonde.fr/afrique/article/2017/07/11/le-mysterieux-yacht-de-luxe-des-partenaires-d-affaires-du-president-kabila_5159113_3212.html&quot;&gt;Article published in Le Monde&lt;/a&gt;&lt;/li&gt;
&lt;/ul&gt;

&lt;h3 id=&quot;for-further-information-on-pplaaf-please-consult&quot;&gt;For further information on PPLAAF, please consult:&lt;/h3&gt;
&lt;ul&gt;
  &lt;li&gt;&lt;a href=&quot;https://pplaaf.org&quot;&gt;https://pplaaf.org&lt;/a&gt;&lt;/li&gt;
&lt;/ul&gt;

&lt;p&gt;To follow PPLAAF, follow its profiles:&lt;/p&gt;
&lt;ul&gt;
  &lt;li&gt;Facebook: &lt;a href=&quot;https://www.facebook.com/PPLAAF/&quot;&gt;https://www.facebook.com/PPLAAF/&lt;/a&gt;&lt;/li&gt;
  &lt;li&gt;Twitter: &lt;a href=&quot;https://twitter.com/pplaaf&quot;&gt;@pplaaf&lt;/a&gt;&lt;/li&gt;
&lt;/ul&gt;

&lt;h3 id=&quot;for-further-information-please-contact&quot;&gt;For further information, please contact:&lt;/h3&gt;
&lt;ul&gt;
  &lt;li&gt;In Paris, William Bourdon (French, English): &lt;a href=&quot;mailto:w.bourdon@bourdon-associes.com&quot;&gt;w.bourdon@bourdon-associes.com&lt;/a&gt; or + 33 1 42 60 32 60&lt;/li&gt;
  &lt;li&gt;In Paris, Henri Thulliez (French, English): &lt;a href=&quot;mailto:henri.thulliez@gmail.com&quot;&gt;henri.thulliez@gmail.com&lt;/a&gt; or + 33 6 98 04 66 72&lt;/li&gt;
  &lt;li&gt;In Johannesburg, Khadija Sharife (English): &lt;a href=&quot;mailto:ksharife@gmail.com&quot;&gt;ksharife@gmail.com&lt;/a&gt; or + 27 (71) 688 62 76&lt;/li&gt;
&lt;/ul&gt;

&lt;hr /&gt;</content><author><name></name></author><category term="featured" /><summary type="html">New revelations concerning companies belonging to individuals close to Kabila result from documents sent to PPLAAF by a whistleblower.</summary><media:thumbnail xmlns:media="http://search.yahoo.com/mrss/" url="https://pplaaf.org/lumumba.jpg" /></entry><entry><title type="html">PPLAAF: Les efforts des parlementaires nigérians pour protéger les lanceurs d’alerte méritent d’être soutenus</title><link href="https://pplaaf.org/2017/06/15/nigerian-parlamentaires.html" rel="alternate" type="text/html" title="PPLAAF&amp;#58; Les efforts des parlementaires nigérians pour protéger les lanceurs d’alerte méritent d’être soutenus" /><published>2017-06-15T00:00:00+02:00</published><updated>2017-06-15T00:00:00+02:00</updated><id>https://pplaaf.org/2017/06/15/nigerian-parlamentaires</id><content type="html" xml:base="https://pplaaf.org/2017/06/15/nigerian-parlamentaires.html">&lt;p&gt;(Abuja, le 15 juin 2017) – Les discussions menées au sein de la Chambre des représentants avec des parlementaires, des organisations de la société civile et des journalistes constituent un effort sérieux et prometteur pour l’adoption d’une loi progressive de protection des lanceurs d’alerte, a déclaré &lt;a href=&quot;https://pplaaf.org&quot;&gt;PPLAAF&lt;/a&gt; (Plateforme de protection des lanceurs d’alerte en Afrique) aujourd’hui depuis Abuja.&lt;/p&gt;

&lt;p&gt;Trois représentants de PPLAAF étaient invités les 13 et 14 juin par &lt;a href=&quot;https://en.wikipedia.org/wiki/Kayode_Oladele&quot;&gt;Kayode Oladele&lt;/a&gt;, président de la Commission des crimes financiers de la Chambres des représentants du Nigéria, et par &lt;a href=&quot;https://twitter.com/larryk371&quot;&gt;Olanrewaju Suraju&lt;/a&gt;, président de l’organisation non gouvernementale HEDA Resources Center, pour présenter à l’audience les standards internationaux en matière de protection des lanceurs d’alerte.&lt;/p&gt;

&lt;p&gt;&lt;em&gt;« J’ai l’honneur d’exprimer ma profonde gratitude aux participants qui ont décidé de se joindre à nous aujourd’hui pour contribuer à la création d’un cadre juridique robuste pour façonner les efforts du Nigéria en matière de lutte contre la corruption »&lt;/em&gt;, a déclaré Kayode Oladele à l’ouverture du séminaire.&lt;/p&gt;

&lt;p&gt;PPLAAF accueille avec bienveillance les efforts des organisateurs de la conférence et des parlementaires pour avoir voulu recueillir les commentaires et l’expertise des organisations de la société civile afin de participer à la rédaction d’une loi progressive de protection des lanceurs d’alerte, avant qu’elle ne soit soumise aux discussions de la Chambre des représentants.&lt;/p&gt;

&lt;p&gt;&lt;em&gt;« J’ai rarement vu autant d’intérêt de la part de la part d’une telle diversité de personnes et d’organisations rassemblées pour construire une loi efficace de protection des lanceurs d’alerte »&lt;/em&gt;, a déclaré &lt;a href=&quot;https://pplaaf.org/who-we-are.html&quot;&gt;William Bourdon&lt;/a&gt;, président de PPLAAF. &lt;em&gt;« Les débats étaient d’un très haut niveau et les équipes de PPLAAF sont prêtes à participer à la mise en place d’une législation visant à aider ces vigies de la démocratie qui ont désespérément besoin d’aide »&lt;/em&gt;.&lt;/p&gt;

&lt;p&gt;PPLAAF a travaillé avec les organisations de la société civile dans la rédaction d’un projet de loi de protection des lanceurs d’alerte. Les buts de ce projet étaient de fusionner deux projets déjà existants, de proposer un texte facilement amendable afin de pouvoir respecter le contexte politique, social et culturel, et d’élaborer une structure pour protéger les lanceurs d’alerte qui n’entraine pas de dépenses excessives.&lt;/p&gt;

&lt;p&gt;Pour PPLAAF, une loi sérieuse de protection des lanceurs d’alerte doit intégrer les points fondamentaux suivants :&lt;/p&gt;
&lt;ul&gt;
  &lt;li&gt;Inclure les secteurs privé et public, ainsi que les organisations à but non lucratif,&lt;/li&gt;
  &lt;li&gt;Une large définition des crimes, délits et atteintes à l’intérêt général pouvant être révélés par le lanceur d’alerte,&lt;/li&gt;
  &lt;li&gt;Définition large pour tout type d’employé ou travailleur,&lt;/li&gt;
  &lt;li&gt;Protection juridique pour toutes formes de représailles,&lt;/li&gt;
  &lt;li&gt;Accès à un canal de signalement interne et externe,&lt;/li&gt;
  &lt;li&gt;Suivi des enquêtes déclenchées grâce aux révélations et aux poursuites pour représailles,&lt;/li&gt;
  &lt;li&gt;Différentes formes de réparations en cas de représailles,&lt;/li&gt;
  &lt;li&gt;Accès public aux résultats des enquêtes, aux données, etc.&lt;/li&gt;
  &lt;li&gt;Pénalités en cas de violations,&lt;/li&gt;
  &lt;li&gt;Traiter des révélations liées à la sécurité nationale, aux secrets militaires et aux informations classifiées.&lt;/li&gt;
&lt;/ul&gt;

&lt;p&gt;Tous ces points étaient inclus dans le projet de loi rédigé par PPLAAF. PPLAAF continuera à travailler avec ses partenaires nigérians pour s’assurer qu’à chaque étape de la procédure législative, ces provisions soient maintenues.&lt;/p&gt;

&lt;p&gt;&lt;a href=&quot;https://pplaaf.org/faq.html&quot;&gt;PPLAAF&lt;/a&gt; est une organisation non gouvernementale sénégalaise créée en mars 2017 proposant un spectre entier de solutions pour pourvoir aux différents besoins des lanceurs d’alerte : encryptage d’un bout à l’autre de la communication, soutien juridique gratuit en conseils ou en représentation légale contre des employeurs ou autre, assistance continue pour protéger le lanceur d’alerte dans la divulgation de l’information au public, développement de législations protégeant les lanceurs d’alerte. 
&lt;br /&gt;
&lt;img class=&quot;img-responsive img-post center-block&quot; src=&quot;/img/posts/nigeria-seminar-1.jpg&quot; /&gt;&lt;/p&gt;

&lt;p&gt;&lt;br /&gt;&lt;/p&gt;</content><author><name></name></author><category term="featured" /><summary type="html">PPLAAF a participé à un séminaire de deux jours sur la protection juridique des lanceurs d’alerte</summary><media:thumbnail xmlns:media="http://search.yahoo.com/mrss/" url="https://pplaaf.org/nigeria-seminar.jpg" /></entry><entry><title type="html">PPLAAF: Genuine efforts of Nigerian parliamentarians to protect whistleblowers welcomed</title><link href="https://pplaaf.org/2017/06/15/nigerian-parliament.html" rel="alternate" type="text/html" title="PPLAAF&amp;#58; Genuine efforts of Nigerian parliamentarians to protect whistleblowers welcomed" /><published>2017-06-15T00:00:00+02:00</published><updated>2017-06-15T00:00:00+02:00</updated><id>https://pplaaf.org/2017/06/15/nigerian-parliament</id><content type="html" xml:base="https://pplaaf.org/2017/06/15/nigerian-parliament.html">&lt;p&gt;(Abuja, June 15th, 2017) – Discussions conducted in the Nigerian House of Representatives between parliamentarians, stakeholders, civil society organizations and journalists are a genuine move toward adopting a progressive bill to protect whistleblowers, said &lt;a href=&quot;https://pplaaf.org&quot;&gt;PPLAAF&lt;/a&gt; (Platform to Protection Whistleblowers in Africa) today in Abuja.&lt;/p&gt;

&lt;p&gt;Three representatives of PPLAAF were invited on June 13th and 14th by Honorable &lt;a href=&quot;https://en.wikipedia.org/wiki/Kayode_Oladele&quot;&gt;Kayode Oladele&lt;/a&gt;, Chairman of the House of Representatives Committee on Financial Crimes, and &lt;a href=&quot;https://twitter.com/larryk371&quot;&gt;Olanrewaju Suraju&lt;/a&gt;, President of the HEDA Resources Center, to introduce to the audience the international guidelines to protect whistleblowers.&lt;/p&gt;

&lt;p&gt;&lt;em&gt;“I have the honor to express my profound gratitude to the participants who have deemed it fit to register their presence here today to contribute to the fashioning out of robust legal frameworks to shape Nigeria’s anti-corruption efforts”&lt;/em&gt;, declared Honorable Kayode Oladele at the opening of the seminar.&lt;/p&gt;

&lt;p&gt;PPLAAF welcomes the efforts of the organizer of the conference and of the parliamentarians to have sought comments and expertise of the civil society organizations in order to draft a progressive bill before it being discussed by the House of Representatives.&lt;/p&gt;

&lt;p&gt;&lt;em&gt;“Rarely have I seen so much interest from so many diverse people into building an efficient bill to protect whistleblowers”&lt;/em&gt;, said &lt;a href=&quot;https://pplaaf.org/who-we-are.html&quot;&gt;William Bourdon&lt;/a&gt;, Chairman of PPLAAF. &lt;em&gt;“The debates were of a very high level and PPLAAF teams are ready to support and help legislation aiming at helping these watchdogs of democracy who are desperately in need for help”&lt;/em&gt;.&lt;/p&gt;

&lt;p&gt;PPLAAF has been working with Nigerian civil society organizations in drafting a whistleblower protection bill project. This project’s goals were to consolidate and merge two existing bills, to propose a largely amenable bill to respect local context, politics and environment and to elaborate a structure to protect whistleblowers which will not be capital intensive.&lt;/p&gt;

&lt;p&gt;For PPLAAF, a genuine bill to protect whistleblowers must integrate the following fundamentals:&lt;/p&gt;

&lt;ul&gt;
  &lt;li&gt;Consider public and private sectors as well as the non-profit sector,&lt;/li&gt;
  &lt;li&gt;Wide range of offenses that can be disclosed,&lt;/li&gt;
  &lt;li&gt;Coverage for all types of “employees” and “workers”,&lt;/li&gt;
  &lt;li&gt;Legal protection from all forms of retaliation,&lt;/li&gt;
  &lt;li&gt;Access to secure internal and external disclosure channels,&lt;/li&gt;
  &lt;li&gt;Follow-up investigation of disclosures and retaliation,&lt;/li&gt;
  &lt;li&gt;Wide range of remedies for retaliation,&lt;/li&gt;
  &lt;li&gt;Public access to case outcomes, process and data,&lt;/li&gt;
  &lt;li&gt;Penalties for violations,&lt;/li&gt;
  &lt;li&gt;Address disclosures related to national security, official or military secrets and classified information.&lt;/li&gt;
&lt;/ul&gt;

&lt;p&gt;All these requirements were included in the bill drafted by PPLAAF. PPLAAF will keep on working with its Nigerian partners to insure, at every step of the legislative process, that they remain as such.&lt;/p&gt;

&lt;p&gt;&lt;a href=&quot;https://pplaaf.org/faq.html&quot;&gt;PPLAAF&lt;/a&gt; is a Senegalese NGO which was created in March 2017 to provide the full spectrum of needs catered specifically to whistleblowers: end-to-end encryption communication, free legal advice and legal representation, designed assistance with the press and research and advocacy to help authorities to adopt strong laws to protect whistleblowers.&lt;/p&gt;

&lt;p&gt;&lt;br /&gt;
&lt;img class=&quot;img-responsive img-post center-block&quot; src=&quot;/img/posts/nigeria-seminar-1.jpg&quot; /&gt;&lt;/p&gt;

&lt;p&gt;&lt;br /&gt;&lt;/p&gt;</content><author><name></name></author><category term="featured" /><summary type="html">PPLAAF participated to a two-days stakeholders’ seminar on whistleblowing and legal protection.</summary><media:thumbnail xmlns:media="http://search.yahoo.com/mrss/" url="https://pplaaf.org/nigeria-seminar.jpg" /></entry><entry><title type="html">WikiLeaks, Snowden lawyers back Trillian whistle-blower</title><link href="https://pplaaf.org/2017/05/19/trillian-snowden-lawyers.html" rel="alternate" type="text/html" title="WikiLeaks, Snowden lawyers back Trillian whistle-blower" /><published>2017-05-19T00:00:00+02:00</published><updated>2017-05-19T00:00:00+02:00</updated><id>https://pplaaf.org/2017/05/19/trillian-snowden-lawyers</id><content type="html" xml:base="https://pplaaf.org/2017/05/19/trillian-snowden-lawyers.html">&lt;p&gt;&lt;img class=&quot;img-responsive img-post center-block&quot; src=&quot;/img/posts/bourdon-mg.jpg&quot; /&gt;&lt;/p&gt;

&lt;p&gt;&lt;br /&gt;
Cornered by the financial might of her former bosses of a Gupta-linked company, the woman who spilled the beans on Nenegate has landed the backing of an international whistle-blower champion.&lt;/p&gt;

&lt;p&gt;William Bourdon, the French lawyer who has represented Edward Snowden – who leaked classified information about United States spying – and WikiLeaks founder Julian Assange confirmed that his organisation would provide legal and forensic assistance to the whistle-blower who exposed the hidden Gupta hand in the firing of former finance minister Nhlanhla Nene.&lt;/p&gt;

&lt;p&gt;Bourbon, the chairperson of the Plateforme de Protection des Lanceurs d’Alerte en Afrique (PPLAAF), an organisation working to shield African whistle-blowers from persecution emanating from their disclosures, said they stepped in because it looked as if she needed help.&lt;/p&gt;

&lt;p&gt;Until now, the former chief executive of Trillian Financial Advisory – part of a Gupta-linked cluster of companies – has had to face her former bosses solo. When she went to the Commission for Conciliation Mediation and Arbitration (CCMA) to sue for constructive dismissal, the company responded with a financially crippling legal onslaught.&lt;/p&gt;

&lt;p&gt;It launched additional Labour Court proceedings to demand that she must pay back a R500 000 sign-on bonus and opened a criminal case against her for a string of alleged crimes, including extortion, cybercrimes and theft of company information totalling an estimated R120-million.&lt;/p&gt;

&lt;p&gt;The National Prosecuting Authority (NPA) this week confirmed that the docket has been received for a decision on whether to prosecute her.&lt;/p&gt;

&lt;blockquote&gt;
  &lt;p&gt;&lt;span class=&quot;post-blockquote&quot;&gt;&lt;/span&gt;&lt;/p&gt;
  &lt;h2 id=&quot;trillian-capital-at-a-glance&quot;&gt;Trillian Capital at a glance&lt;/h2&gt;
  &lt;ul&gt;
    &lt;li&gt;Gupta-family associate Salim Essa owns a 60% stake in Trillian, whose executives allegedly had prior knowledge that the president was going to fire Nhlanhla Nene as finance minister in 2015.&lt;/li&gt;
    &lt;li&gt;A banker set to join the company at inception in 2015 was one of two individuals hurriedly appointed as advisers to Nene’s replacement, Des van Rooyen.&lt;/li&gt;
    &lt;li&gt;Three companies in the Trillian stable were named in the State of Capture report as having coughed up R235-million towards the Gupta family’s purchase of the Optimum Coal mine.&lt;/li&gt;
    &lt;li&gt;A legal challenge between Trillian’s chief executive Eric Wood and his former partners at Regiments Capital has revealed how Trillian allegedly illegally scored millions of rands in payments from Transnet.
&amp;lt;/span&amp;gt;&lt;/li&gt;
  &lt;/ul&gt;
&lt;/blockquote&gt;

&lt;p&gt;The whistle-blower, a debt capital market expert who holds a master’s degree in finance, may not be named since a CCMA ruling in January.&lt;/p&gt;

&lt;p&gt;Asked why the PPLAAF is picking up her case, Bourdon, in an emailed response, said it appeared that she had been “cornered by the rich and powerful” as a result of her disclosures.&lt;/p&gt;

&lt;p&gt;“We need to show other whistle-blowers that, if your former boss tries to bleed you dry for doing the right thing, there are people out there who can help you.”&lt;/p&gt;

&lt;p&gt;Bourdon said this case was also important because South Africa was an influential country and, if her state capture allegations were true, it showed that decision-making at the highest level of state was being determined, in part, by private interests.&lt;/p&gt;

&lt;p&gt;“That a minister of finance could be chosen by a few business people and then be shadowed by a particular business consultancy or two … this is not a small thing.”&lt;/p&gt;

&lt;p&gt;Her former employers dispute that she is a whistle-blower and have labelled her actions as those of a vindictive former employee seeking revenge.&lt;/p&gt;

&lt;p&gt;Said Bourdon: “If you stumbled upon secrets that showed people in top positions breaking the law, subverting democracy, plundering the public purse, then, for me, you are a whistle-blower and we will work within the laws of your country to protect you.&lt;/p&gt;

&lt;p&gt;“Snowden spoke up because he did not expect his government to spy on everyone. And this whistle-blower has spoken up because she fears her finance minister can be controlled by business people,” Bourdon said.&lt;/p&gt;

&lt;p&gt;In making the decision to support her, Bourdon said a team examined the merits of her legal case and “assessed” the size of the deck stacked against her.&lt;/p&gt;

&lt;p&gt;“And we asked: ‘What will happen if this whistle-blower is hung out to dry? What message will this send to others?’ ”&lt;/p&gt;

&lt;p&gt;Trillian, asked if there was any prospect of settling the case involving the whistle-blower and whether this could result in the various cases against her falling away, sent a short statement, declining to comment due to the matters being sub judice and referred the M&amp;amp;G to previous statements on the issues.&lt;/p&gt;

&lt;p&gt;The PPLAAF’s intervention may finally get the whistle-blower’s CCMA case back on track, which is a potential game-changer. Trillian’s repeated denials of state capture links would then be subject to forensic examination in court.&lt;/p&gt;

&lt;p&gt;And it represents a major boost for the broader investigation into state capture, which has ground to a halt pending the outcome of President Jacob Zuma’s review application of the public protector’s remedial action. Former public protector Thuli Madonsela had directed a second phase to the state capture investigation – a judicial commission of inquiry. The public protector’s spokesperson, Oupa Segalwe, said this was dependent on the outcome of Zuma’s application.&lt;/p&gt;

&lt;p&gt;Much of the whistle-blower’s case rests on information she gave the public protector, which Trillian has sought to keep out of the public eye through litigation against her.&lt;/p&gt;

&lt;p&gt;The CCMA recently ruled that she may use a bundle of company documents in her case but not before she complies with a subpoena to produce her statement to the public protector, a matter still to be heard at the Labour Court in Johannesburg.&lt;/p&gt;

&lt;p&gt;In her 2016 statement, the woman revealed how Trillian executives allegedly had prior knowledge that Zuma was going to fire Nene, that a colleague of hers, Mohammed Bobat, would be installed as Des van Rooyen’s adviser in the treasury and that he would allegedly have channelled work to the company.&lt;/p&gt;

&lt;p&gt;Bobat did land the job and followed Van Rooyen to the department of co-operative governance after Van Rooyen’s four-day stint as finance minister.&lt;/p&gt;

&lt;p&gt;Trillian has repeatedly denied the allegations and has since argued in legal proceedings that its former executive cannot seek refuge under the Protected Disclosures Act because she made the disclosure after she resigned last June.&lt;/p&gt;

&lt;p&gt;The company also previously told the Mail &amp;amp; Guardian that its legal strategy was merely a response to her CCMA case, denying that the legal initiatives it had taken to defend itself were tantamount to excessive force.&lt;/p&gt;

&lt;p&gt;Her former boss, Eric Wood, in an affidavit detailing her alleged criminal conduct, accused her of conspiring with his former partners at Regiments Capital, Niven Pillay and Litha Nyhonyha, in a bid to exact revenge on Trillian.&lt;/p&gt;

&lt;p&gt;The three fell out after Pillay and Nyhonyha rejected a Gupta family offer to buy a stake in their company, which Wood allegedly favoured.&lt;/p&gt;

&lt;p&gt;Her supporters hope that PPLAAF’s involvement in this case will boost the whistle-blower’s prospects in court.&lt;/p&gt;

&lt;p&gt;Henri Thulliez, a PPLAAF board member, said the organisation understood the complexity of the case and its potential duration and costs.&lt;/p&gt;

&lt;p&gt;The PPLAAF had lined up “serious money for this particular case” and would be drawing on a range of legal and other experts who may not charge their usual fees, Thulliez said.&lt;/p&gt;

&lt;p&gt;He added that the organisation’s involvement should also serve “as a warning to billionaires” who resort to legal tactics to throttle whistle-blowers that such moves can backfire and draw much more attention to the very information they may seek to suppress.&lt;/p&gt;

&lt;p&gt;&lt;img class=&quot;img-responsive img-post center-block&quot; src=&quot;/img/posts/snowden.jpg&quot; /&gt;
&lt;br /&gt;&lt;/p&gt;

&lt;h2 id=&quot;disclosers-are-left-ducking-for-cover&quot;&gt;Disclosers are left ducking for cover&lt;/h2&gt;
&lt;h3 id=&quot;news-analysis&quot;&gt;NEWS ANALYSIS&lt;/h3&gt;

&lt;p&gt;The case of the Nenegate whistle-blower is the proverbial David versus Goliath battle in which one person has risked much to bring information behind the firing of the former finance minister into the light.&lt;/p&gt;

&lt;p&gt;Aside from the criminal investigation, the lone woman is up against a powerful company with deep pockets, as her legal bills, already exceeding R1-million, continue to pile up.&lt;/p&gt;

&lt;p&gt;More importantly, her case could scare off other potential whistle-blowers witnessing the legal challenges she has faced since she gave information to the public protector.&lt;/p&gt;

&lt;p&gt;Her case could also set a precedent.&lt;/p&gt;

&lt;p&gt;It has exposed significant gaps in the legal protection afforded by whistle-blower laws, according to some experts.&lt;/p&gt;

&lt;p&gt;The first port of protection for a whistle-blower is usually the Protected Disclosures Act, which allows an employee to make a disclosure to a competent authority without occupational detriment. But it does not insulate them from criminal or civil liability after the disclosure.&lt;/p&gt;

&lt;p&gt;Furthermore, as Trillian has shown in its defence, it is unclear whether a former employee is covered by the Act. She had left the company by the time she made the disclosure and does not need protection from occupational detriment – but she still needs protection.&lt;/p&gt;

&lt;p&gt;Another key issue in her case is whether she must comply with a CCMA subpoena to produce the document she gave to the public protector.&lt;/p&gt;

&lt;p&gt;Her lawyers have so far unsuccessfully argued that Trillian should obtain this from the public protector and not through the “back door” from her.&lt;/p&gt;

&lt;p&gt;The Public Protector Act protects the public protector from having to disclose information but it does not afford this protection to the whistle-blower.&lt;/p&gt;

&lt;p&gt;There is also some cover for whistle-blowers in the Prevention and Combating of Corrupt Activities Act. This places a duty on – and protects – certain people, including public officials, executives of companies and nonexecutive directors, to report information or suspicion of corruption, theft and fraud, among other things.&lt;/p&gt;

&lt;p&gt;But the Act requires the report be made to law enforcement agencies. In her case, the disclosure was made to the public protector.&lt;/p&gt;

&lt;p&gt;If her case is advanced sufficiently, there could be scope for the legislature to consider whether the public protector should not rightfully be included among the list of competent authorities listed by the Act.&lt;/p&gt;

&lt;p&gt;Trillian has also used the confidentiality undertakings made by her in her employment contract to thwart her disclosures.&lt;/p&gt;

&lt;p&gt;It has asked the Labour Court to enforce a contractual term that would force the whistle-blower to destroy any information she still has.&lt;/p&gt;

&lt;p&gt;But section 159 of the Companies Act could also offer protection. It makes provision for protection from prosecution or civil liability for whistle-blowers. It also renders any section of an employment contract that seeks to deprive an executive of the ability to report criminal conduct or serious fiduciary lapses unenforceable.&lt;/p&gt;

&lt;p&gt;The only gap in this Act is that reports to the public protector are not covered explicitly.&lt;/p&gt;</content><author><name></name></author><category term="featured" /><summary type="html">Cornered by the financial might of her former bosses of a Gupta-linked company, the woman who spilled the beans on Nenegate has landed the backing of an international whistle-blower champion.</summary><media:thumbnail xmlns:media="http://search.yahoo.com/mrss/" url="https://pplaaf.org/bourdon-mg.jpg" /></entry><entry><title type="html">William Bourdon - PLAAF aims to support whistle-blowers</title><link href="https://pplaaf.org/2017/03/20/pplaaf-aims-support.html" rel="alternate" type="text/html" title="William Bourdon - PLAAF aims to support whistle-blowers" /><published>2017-03-20T00:00:00+02:00</published><updated>2017-03-20T00:00:00+02:00</updated><id>https://pplaaf.org/2017/03/20/pplaaf-aims-support</id><content type="html" xml:base="https://pplaaf.org/2017/03/20/pplaaf-aims-support.html">&lt;p&gt;&lt;img class=&quot;img-responsive img-post center-block&quot; src=&quot;/img/posts/bourdon.jpg&quot; /&gt;
&lt;br /&gt;
As demand for the truth soars across the world, with confidence in media and governments plummeting, whistle-blowers are having quite a moment from the Global North to South.&lt;/p&gt;

&lt;p&gt;The risk of whistle-blowing in much of Africa is incredibly high. Of 54 African countries, just seven have passed whistle-blower laws.&lt;/p&gt;

&lt;p&gt;William Bourdon, one of the world’s leading advocates of whistle-blowers, has represented WikiLeaks founder Julian Assange, Edward Snowden, Antoine Deltour – the man behind the Luxembourg Leaks, and Herve Falciani, who exposed wrongdoing at HSBC’s Swiss private bank.&lt;/p&gt;

&lt;p&gt;Here, the French lawyer explains why he has founded Plateforme de Protection des Lanceurs d’Alerte en Afrique (PLAAF), a platform to protect whistle-blowers in Africa comprising legal experts, investigative journalists, NGOs and academics.&lt;/p&gt;

&lt;p&gt;&lt;strong&gt;Al Jazeera&lt;/strong&gt;: Why did you decide to launch PPLAAF?&lt;/p&gt;

&lt;p&gt;&lt;strong&gt;Bourdon&lt;/strong&gt;: Creating PPLAAF was an absolute necessity. The great question of the 21st century appeared to be this great civic anger targeted against those who mix public money with private interests, and against this, impunity enjoyed by big multinationals.&lt;/p&gt;

&lt;p&gt;In Africa, many NGOs and authorities have become more and more professional in their fight against corruption. However, I think one particular tool was missing while large flows of dirty and opaque money are prospering, and the separation between public and private interest is vague at best.&lt;/p&gt;

&lt;p&gt;Regimes are sometimes held in an iron grip by kleptocrats who siphon public money and resources to satisfy their megalomania, and all too often government anti-corruption commitments are merely a front for eradicating political opponents. But many brave people want this to stop.&lt;/p&gt;

&lt;p&gt;And we want to help them to disclose what they witness by offering them a legal protection. That’s why we created PPLAAF.&lt;/p&gt;

&lt;p&gt;&lt;strong&gt;Al Jazeera&lt;/strong&gt;: What do you hope to achieve?&lt;/p&gt;

&lt;p&gt;&lt;strong&gt;Bourdon&lt;/strong&gt;: PPLAAF’s priority is to offer legal protection to whistle-blowers. Too many of them in Africa have faced lethal danger, persecution, threats, only because their identity has been known. PPLAAF wants to protect them, technically and legally.&lt;/p&gt;

&lt;p&gt;PPLAAF can work to iron out the many dangers a whistle-blower can face if she or he wants to disclose sensitive information relevant to the public interest. It can also work as a protective shield between them and the press.&lt;/p&gt;

&lt;p&gt;The whistle-blower at the origin of the Panama Papers, the biggest leak in history, is still anonymous. That’s a success story for the protection of whistle-blower.&lt;/p&gt;

&lt;p&gt;But, of course, PPLAAF wants to achieve a greater objective and be an ally to all the good conscious who are fighting for a greater world. Giving the possibility to a whistle-blower to disclose for the public interest is a strong democratic act and is a step closer to the end of impunity for massive financial crimes.&lt;/p&gt;

&lt;p&gt;&lt;strong&gt;Al Jazeera&lt;/strong&gt;: Do you think, given the changing political climate across the world, there is a rising need for whistle-blowers?&lt;/p&gt;

&lt;p&gt;&lt;strong&gt;Bourdon&lt;/strong&gt;: There is a rising need for whistle-blowers. Worldwide, citizens are becoming aware of the dark and oppressive political, economic and financial powers being exercised over their daily lives.&lt;/p&gt;

&lt;p&gt;Thanks to the revelations of whistle-blowers, along with new communication technologies and increased globalisation, we can better discern the surveillance by intelligence services and the financial losses generated by banking policies that favour tax evasion and money laundering over the needs of individual savers.&lt;/p&gt;

&lt;p&gt;The more professional secrecy is used in a way to organise the impunity of shameful behaviours which are contrary to international standards, the more whistle-blowers need to break this secrecy in order to reveal reprehensible activities.&lt;/p&gt;

&lt;blockquote&gt;
  &lt;p&gt;&lt;span class=&quot;post-blockquote&quot;&gt;“Whistle-blowers are watchdogs of democracy”&lt;/span&gt;&lt;/p&gt;
&lt;/blockquote&gt;

&lt;p&gt;In this civic anger which is rising in the world, from Bucharest to Seoul, whistle-blowers are the top of the pyramid. We need them in order to understand how we can improve the way we live together, the way we are led. That’s why PPLAAF will be duplicated in other parts of the world.&lt;/p&gt;

&lt;p&gt;&lt;strong&gt;Al Jazeera&lt;/strong&gt;: How does whistle-blowing differ between Europe and North America, and Africa?&lt;/p&gt;

&lt;p&gt;&lt;strong&gt;Bourdon&lt;/strong&gt;: Even if they take great risks and face very damaging retaliation, whistle-blowers in Europe or in North America are better-protected thanks to strong democratic institutions and a real rule of law, although this latter always needs to be built stone-by-stone.&lt;/p&gt;

&lt;p&gt;Several countries in the Western world have strong laws protecting whistle-blowers, such as France, the UK or the US. Progressive human rights courts like the European Court of Human Rights can also play a great role in the protection of whistle-blowers.&lt;/p&gt;

&lt;p&gt;As an example, during the trial of Antoine Deltour before a court in Luxembourg, we sought his protection under Article 10 of the European Convention on Human Rights which protects freedom of expression.&lt;/p&gt;

&lt;p&gt;But where democratic institutions are weak or inexistent, whistle-blowers are at much greater risk.&lt;/p&gt;

&lt;p&gt;Only seven of 54 African countries have passed whistle-blower laws. In countries like these, blowing the whistle can lead to lethal danger.&lt;/p&gt;

&lt;blockquote&gt;
  &lt;p&gt;&lt;span class=&quot;post-blockquote&quot;&gt;“Whistle-blowers need to properly check the veracity and the credibility of the information they want to disclose.”&lt;/span&gt;&lt;/p&gt;
&lt;/blockquote&gt;

&lt;p&gt;Moss Phakoe, a former local representative in South Africa, was killed in 2009 after disclosing information about corruption activities in Rustenburg.&lt;/p&gt;

&lt;p&gt;Jean-Jacques Lumumba, a former employee in a Congolese bank had to leave the country in 2016 when his superior threatened to kill him after he showed him evidence that the bank was conducting serious illegal activities.&lt;/p&gt;

&lt;p&gt;These are examples which show the risks taken by these very brave soldiers of democracy.&lt;/p&gt;

&lt;p&gt;&lt;strong&gt;Al Jazeera&lt;/strong&gt;: In the West, many are quick to cast Assange as pro-Russia and pro-Trump. Should whistle-blowers in the West and in Africa, whose leaks are subject to manipulation, now impose their own limits in terms of the information they are prepared to leak?&lt;/p&gt;

&lt;p&gt;&lt;strong&gt;Bourdon&lt;/strong&gt;: This is a very relevant question. Nowadays, information is of paramount importance, especially since it can be so quickly spread. It can change an election, it can destroy someone’s life, it can interfere with the future of a nation.&lt;/p&gt;

&lt;p&gt;Whistle-blowers have therefore a great responsibility when disclosing information, especially now that they can do it without going through the press, thanks to the new technologies. Whistle-blowers need to properly check the veracity and the credibility of the information they want to disclose.&lt;/p&gt;

&lt;p&gt;PPLAAF can help them assessing the information they have at hand and see if it’s something worth disclosing. To that end, PPLAFF will conduct an in-depth investigation to check the credibility. PPLAAF will never put itself in a situation where it only fuels the spread of a rumour.&lt;/p&gt;

&lt;p&gt;That said, it is not for PPLAAF nor the whistle-blower to wonder whether the information to disclose will interfere with an election or the conclusion of an international contract.&lt;/p&gt;

&lt;p&gt;&lt;strong&gt;Al Jazeera&lt;/strong&gt;: Is there a history of whistle-blowers in Africa?&lt;/p&gt;

&lt;p&gt;&lt;strong&gt;Bourdon&lt;/strong&gt;: It depends on the scope of the definition of whistle-blowing.&lt;/p&gt;

&lt;p&gt;If civic disobedience is included within the definition, then Africa can only be proud of the noble examples it has, of these women and men who fought for their freedom during the colonisation or oppressive regimes like the Apartheid. Gandhi or Mandela have inspired the world.&lt;/p&gt;

&lt;p&gt;The religious leader Cheikh Amadou Bamba who, at the end of the 19th century, decided to pray before a French court to show his opposition to colonial powers has triggered a non-violence conscious still in force today in Senegal.&lt;/p&gt;

&lt;blockquote&gt;
  &lt;p&gt;&lt;span class=&quot;post-blockquote&quot;&gt;“Except in certain rare circumstances, there is almost no protection for whistle-blowers in African countries. PPLAAF is here to fill in the gaps left by weak states or institutions.”&lt;/span&gt;&lt;/p&gt;
&lt;/blockquote&gt;

&lt;p&gt;We can also mention Algerian freedom fighters or Haile Selassie when he gave this prominent speech in 1936 before the League of Nations criticising the occupation of his country by the troops of Mussolini.&lt;/p&gt;

&lt;p&gt;If you keep a strict definition, the first whistle-blower is probably the British journalist Edmund Dene Morel who, at the beginning of the 20th century, led a campaign in the UK to denounce the exactions committed in Congo by Belgian colonisers on behalf of King Leopold II.&lt;/p&gt;

&lt;p&gt;Never before had it been proved that the King was using Congo as a resource for forced labour. Colonisation was still perceived in Europe as a civic act of kindness.&lt;/p&gt;

&lt;p&gt;&lt;strong&gt;Al Jazeera&lt;/strong&gt;: What protections exist in Africa for whistle-blowers, and how can your organisation help?&lt;/p&gt;

&lt;p&gt;&lt;strong&gt;Bourdon&lt;/strong&gt;: Except in certain rare circumstances, there is almost no protection for whistle-blowers in African countries. PPLAAF is here to fill in the gaps left by weak states or institutions.&lt;/p&gt;

&lt;p&gt;Therefore, PPLAAF can offer four kind of services: technical assistance through encrypted channels (web portal to send sensitive documents and a hotline in French and English); legal assistance through a network of lawyers and activists; and mediatic assistance - PPLAAF acts as a shield between the whistle-blowers and the press.&lt;/p&gt;

&lt;p&gt;Finally, PPLAAF can also work as a think-tank, advising governments and authorities on how adopting laws which will help to protect in a progressive and efficient way whistle-blowers.&lt;/p&gt;

&lt;p&gt;Al Jazeera: How did you decide upon your advisory board? What do they bring?&lt;/p&gt;

&lt;p&gt;Bourdon: PPLAAF’s advisory board is a fantastic sample of great heroes and activists who put themselves, at great risks, at the forefront of the fight against injustice. The Ghanaian journalist Anas, a real masked avenger, denouncing numerous corruption scandals, has inspired many journalists in Africa.&lt;/p&gt;

&lt;p&gt;Some others are prominent whistle-blowers such as Andrew Feinstein, who after fighting against the apartheid within the ANC, became a parliamentarian when Mandela won the elections.&lt;/p&gt;

&lt;p&gt;Chairing the Public Accounts Committee at the parliament, he investigated a massive arms deal involving several European companies that was tainted by allegations of high-level corruption. Facing serious pressure from people of his own political party, he decided to resign and disclose the results of his investigation.&lt;/p&gt;

&lt;p&gt;&lt;strong&gt;Al Jazeera&lt;/strong&gt;: Should whistle-blowers be impartial?&lt;/p&gt;

&lt;p&gt;&lt;strong&gt;Bourdon&lt;/strong&gt;: No one is impartial. All of us have motives, political ideas.&lt;/p&gt;

&lt;p&gt;But when you’re faced to illicit activities that make you outraged, you need to think about the public interest, not your personal one.&lt;/p&gt;

&lt;blockquote&gt;
  &lt;p&gt;&lt;span class=&quot;post-blockquote&quot;&gt;“Blowing the whistle can change the world, but it can also change your life.”&lt;/span&gt;&lt;/p&gt;
&lt;/blockquote&gt;

&lt;p&gt;You need to be disinterested. Blowing the whistle can change the world, but it can also change your life.&lt;/p&gt;

&lt;p&gt;If you do it for yourself, out of hate or revenge, or for financial reasons, then you do it at greater risks and it’s much more difficult to legally defend you.&lt;/p&gt;

&lt;p&gt;Many laws protecting whistle-blowers require these latter to be disinterested when they blow the whistle.&lt;/p&gt;

&lt;p&gt;Anyone who wants to become a whistle-blower, who has sensitive information related to Africa and wants to disclose it, please get in touch with us before on pplaaf.org. We are here to help.&lt;/p&gt;

&lt;hr /&gt;

&lt;p&gt;&lt;em&gt;William Bourdon fought human rights abuses for almost 30 years before going after those who steal money from public resources&lt;/em&gt;&lt;/p&gt;</content><author><name></name></author><category term="featured" /><summary type="html">Whistle-blowers in Africa under threat have little legal protection, says lawyer representing Assange, Snowden and more.</summary><media:thumbnail xmlns:media="http://search.yahoo.com/mrss/" url="https://pplaaf.org/bourdon.jpg" /></entry><entry><title type="html">Lanceurs d’alerte!</title><link href="https://pplaaf.org/fr/2017/03/19/lanceurs-dalerte.html" rel="alternate" type="text/html" title="Lanceurs d'alerte!" /><published>2017-03-19T00:00:00+02:00</published><updated>2017-03-19T00:00:00+02:00</updated><id>https://pplaaf.org/fr/2017/03/19/lanceurs-dalerte</id><content type="html" xml:base="https://pplaaf.org/fr/2017/03/19/lanceurs-dalerte.html">&lt;p&gt;&lt;img class=&quot;img-responsive img-post center-block&quot; src=&quot;/img/posts/pplaaf-fr-logo.jpg&quot; /&gt;&lt;/p&gt;

&lt;p&gt;&lt;br /&gt;
&lt;strong&gt;Pourquoi créer une plateforme de lanceur d’alerte et qui est à l’initiative de ce projet ?&lt;/strong&gt;&lt;/p&gt;

&lt;p&gt;Il était urgent de créer une telle plateforme tant le cadre juridique de protection des lanceurs d’alerte dans les pays africains est extrêmement faible, voire inexistant. Seuls 7 pays sur 54 ont actuellement une loi spécifique portant sur les lanceurs d’alerte. Plus les institutions démocratiques sont défaillantes, plus ces citoyens qui souhaitent partager des informations sensibles avec l’opinion publique ou le pouvoir judiciaire se trouvent dans une situation particulièrement vulnérable et dangereuse. L’Afrique peut réellement bénéficier de ces vigies modernes pour pouvoir endiguer les graves atteintes à l’Etat de droit.&lt;/p&gt;

&lt;p&gt;C’est l’avocat français Me William Bourdon, le président de Sherpa, l’ONG spécialisée dans la défense des victimes de crimes économiques, qui est à l’initiative de ce projet. Egalement avocat d’Edward Snowden, Hervé Falciani, Antoine Deltour, etc., Me Bourdon a compris mieux qui quiconque le rôle clef joué par les lanceurs d’alerte pour prouver la corruption, les pots de vin, les malversations, etc. Témoins directs d’activités illégales ou dommageables à l’intérêt général, les lanceurs d’alerte, parfois banquier, soldat, ministre ou comptable, peuvent considérablement aider à lutter contre les flux d’argent sale, les contrats conclus de gré à gré, la prédation des ressources publiques par les régimes en place ou par des multinationales.&lt;/p&gt;

&lt;p&gt;Infatigable défenseur des droits de l’Homme, il était tout à fait naturel que Me Bourdon devienne également président de PPLAAF. Il a su en outre s’entourer de grands défenseurs des droits de l’Homme, comme l’ancien juge espagnol Baltasar Garzon ou le sénégalais Alioune Tine, actuel directeur Afrique de l’Ouest et Centrale pour Amnesty international. La directrice de PPLAAF est une journaliste d’investigation sud-africaine renommée, Khadija Sharife, qui avait coordonné pour l’African Network of Centers for Investigative Reporting (ANCIR) les enquêtes sur les Panama Papers concernant l’Afrique.&lt;/p&gt;

&lt;p&gt;&lt;strong&gt;De quand datez-vous les lanceurs d’alerte en Afrique?&lt;/strong&gt;&lt;/p&gt;

&lt;p&gt;Cette question est sensible tant le terme de lanceur d’alerte nous est contemporain. En retenant définition restrictive, l’un des premiers en Afrique est sans doute le journaliste britannique Edmund Dene Morel qui mena au début du XXe siècle en Angleterre une campagne de dénonciation des exactions commises au Congo par les colons belges au nom du Roi Léopold II. Il n’avait jamais été prouvé auparavant en Europe que Léopold II utilisait le Congo comme un réservoir de ressources et de travail forcé. La colonisation était toujours perçue par les Européens comme un acte de bonté civilisationnel.&lt;/p&gt;

&lt;p&gt;Plus récemment, l’un des lanceurs d’alerte dont les révélations ont eu le plus d’impact, est le sud-africain Andrew Feinstein. Ancien militant de l’ANC pendant l’apartheid, devenu député après l’élection de Nelson Mandela, Andrew Feinstein, en tant que président au Parlement du « Public Accounts Committee », avait cherché à enquêter sur un juteux contrat d’armements de plusieurs milliards de dollars liant le gouvernement sud-africain et des entreprises européennes. Alors que la nécessité d’un tel marché était loin d’être prouvée, il apparaissait de plus en plus que ce contrat permettait en réalité d’enrichir des politiciens et leurs alliés économiques au détriment des contribuables sud-africains. En 2001, lorsque le gouvernement l’empêcha de mener à bien ses enquêtes, il démissionna tout en rendant public ce qu’il savait déjà : plusieurs centaines de millions de dollars avaient été dépensés en pots-de-vin à des dignitaires de l’ANC.&lt;/p&gt;

&lt;p&gt;Si nous adoptons une définition plus large du lanceur d’alerte, en y incluant notamment les désobéissants civils, alors l’Afrique compte de nombreux exemples de ces hommes et femmes courageux qui, par leurs actions parfois non-violentes, ont participé à un réel réveil des consciences contre l’oppression coloniale.&lt;/p&gt;

&lt;p&gt;&lt;strong&gt;Quels liens entretiennent ces lanceurs d’alerte et les nouvelles voix de la société civile?&lt;/strong&gt;&lt;/p&gt;

&lt;p&gt;PPLAAF se veut être l’allié de tous les printemps africains, mais aussi de cette nouvelle génération d’activistes ou de citoyens indignés qui sortent du cadre traditionnel de l’activisme des sociétés civiles africaines. Le rassemblement au sein d’associations ou d’ONG n’est plus la structure essentielle pour s’opposer aux dérives de l’Etat. Les réseaux sociaux évidemment créent de nouveaux espaces de divulgation d’informations, de nouvelles façons de prendre conscience des excès du pouvoir. Ils permettent de mieux comprendre le fonctionnement de l’Etat de droit dans d’autres pays. Ce sont eux qui ont facilité les rassemblements populaires en Tunisie, en Egypte ou au Burkina Faso.&lt;/p&gt;

&lt;p&gt;Aujourd’hui les lanceurs d’alerte qui souhaitent divulguer leurs révélations rapidement peuvent s’appuyer sur des réseaux de bloggers comme les Africtivistes qui rassemblent des dizaines et des dizaines de personnes engagées sur Twitter. Leur hashtag « BringBackOurInternet » par exemple permet de suivre la situation très inquiétante qui sévit actuellement dans la partie anglophone du Cameroun.&lt;/p&gt;

&lt;p&gt;Il y aura de plus en plus en Afrique des actions politiques ou civiques novatrices et originales qui auront lieu sur internet ou qui se déclencheront via les réseaux sociaux. Les informations des lanceurs d’alerte pourront parfois jouer comme des étincelles qui permettront de grandes prises de conscience populaire. C’est pourquoi PPLAAF veut pouvoir travailler avec ces initiatives originales tout en agissant comme un bouclier pour protéger les intérêts des lanceurs d’alerte.&lt;/p&gt;</content><author><name></name></author><category term="fr" /><category term="featured" /><summary type="html">Questions à... Henri Thulliez. Défenseur français des droits de l'Homme, il a été pendant cinq ans coordinateur pour HRW dans l’affaire Hissène Habré. Il est membre du Conseil d'administration de la PPLAAF.</summary><media:thumbnail xmlns:media="http://search.yahoo.com/mrss/" url="https://pplaaf.org/pplaaf-front.jpg" /></entry><entry><title type="html">Rebels with a cause - Africa’s whistleblowers need urgent protection</title><link href="https://pplaaf.org/2017/03/10/rebels-with-a-cause.html" rel="alternate" type="text/html" title="Rebels with a cause - Africa's whistleblowers need urgent protection" /><published>2017-03-10T00:00:00+02:00</published><updated>2017-03-10T00:00:00+02:00</updated><id>https://pplaaf.org/2017/03/10/rebels-with-a-cause</id><content type="html" xml:base="https://pplaaf.org/2017/03/10/rebels-with-a-cause.html">&lt;p&gt;&lt;img class=&quot;img-responsive img-post center-block&quot; src=&quot;/img/posts/githongo.jpg&quot; /&gt;&lt;/p&gt;

&lt;p&gt;&lt;br /&gt;
In Kenya, former journalist John Githongo exposed fraudulent military equipment deals and other swindles in a series of explosive exposures; Abdullahi Hussein secretly filmed human rights atrocities in Ethiopia; Jean-Jacques Lumumba, a Congolese banker, shed light on serious financial embezzlement involving the ruling Kabila family.
&lt;!--more--&gt;
Not just in Africa but worldwide, citizens are becoming aware of the dark and oppressive political, economic and financial powers being exercised over their daily lives. Thanks to the revelations of whistleblowers, we can better fight back.&lt;/p&gt;

&lt;p&gt;But as the source of this information, whistleblowers are often the first victims of their own disclosures. High-security prisons, forced exile, endless legal proceedings, death threats and other reprisals turn these defenders of the public interest into public enemies.&lt;/p&gt;

&lt;p&gt;Despite the rising value of whistleblower disclosures, a vast majority of countries have weak or no specific rights protecting them. Africa is no exception: only seven of 54 countries have passed whistleblower laws, compared with 11 of 28 EU countries. In 2016, six journalists were killed and 41 languished in prisons across sub-Saharan Africa, according to the Committee to Protect Journalists.&lt;/p&gt;

&lt;p&gt;At the same time, large flows of dirty and opaque money are prospering, and the separation between public and private interest is vague at best and all too often government anti-corruption commitments are merely a frontfor eradicating political opponents.&lt;/p&gt;

&lt;p&gt;Africa needs citizen watchdogs to curb violations of the rule of law more than ever. Whistleblowers must benefit from real support because it is essential, as Hanna Arendt reminded, “to make space for civil disobedience in the operation of our public institutions”.&lt;/p&gt;

&lt;p&gt;These watchdogs – whether bank employees or soldiers, workers or accountants – must be able to rely on a community of experts to help them face the demons of power: mismanagement, corruption, impunity, human rights violations and other atrocities.&lt;/p&gt;

&lt;p&gt;They need safe and secure means to share sensitive documents and evidence with journalists and authorities. This is why we – activists, lawyers and artists – are launching the Platform to Protect Whistleblowers in Africa (PPLAAF) to put our experience at the service of people wishing to disclose compromising information in particularly difficult and dangerous contexts. Whistleblowers need a crowd of experts to shield them from the almost certain reprisals and threats that await.&lt;/p&gt;

&lt;p&gt;PPLAAF will offer technical, legal and media assistance to whistleblowers, either in Africa or elsewhere if the information they wish to share concerns Africa.&lt;/p&gt;

&lt;p&gt;Via its website, the PPLAAF provides a transmission system and a secure telephone line, and brings together numerous lawyers, international legal experts and NGOs ready to give them legal assistance before, during and after blowing the whistle.&lt;/p&gt;

&lt;p&gt;Because as Georges Bernanos, the French author and first world war soldier, wrote: “It takes a lot of rebels to make a free people.” Whistleblowers may be the rebels Africa has been waiting for.&lt;/p&gt;

&lt;hr /&gt;

&lt;p&gt;&lt;em&gt;Human rights lawyers William Bourdon of Paris and Baltasar Garzón of Madrid are founders of the Platform to Protect Whistleblowers in Africa (PPLAAF). The organisation was launched in Dakar, Senegal, this week&lt;/em&gt;&lt;/p&gt;</content><author><name>by William Bourdon -</name></author><summary type="html">A group of activists, lawyers and artists have launched a platform to help citizen watchdogs in often dangerous situations</summary><media:thumbnail xmlns:media="http://search.yahoo.com/mrss/" url="https://pplaaf.org/githongo.jpg" /></entry></feed>